order_id	items
860196503764	[{"name": "DAILY SPF", "quantity": 1, "id": 1883727790094}]
860292645076	[{"name": "DAILY SPF \u2014 Bundle Set", "quantity": 1, "id": 1883875377166}]
860320956628	[{"name": "DAILY SPF", "quantity": 1, "id": 1883919974414}]
860321513684	[{"name": "DAILY SPF", "quantity": 1, "id": 1883920793614}]
862930665684	[{"name": "DAILY SPF", "quantity": 1, "id": 1887913672718}]
862975819988	[{"name": "DAILY SPF", "quantity": 1, "id": 1887985827854}]
862985191636	[{"name": "DAILY SPF \u2014 Bundle Set", "quantity": 1, "id": 1887999164430}]
870939295956	[{"name": "DAILY SPF", "quantity": 1, "id": 1900142264334}]
880188063956	[{"name": "DAILY SPF", "quantity": 1, "id": 1914170572814}]
933014601940	[{"name": "DAILY SPF", "quantity": 1, "id": 1995572117518}]
934065930452	[{"name": "DAILY SPF", "quantity": 1, "id": 1997094813710}]
938210722004	[{"name": "DAILY SPF", "quantity": 1, "id": 2003241992206}]
944748331220	[{"name": "DAILY SPF", "quantity": 1, "id": 2013027794958}]
862843896020	[{"name": "DAILY SPF \u2014 Bundle Set", "quantity": 1, "id": 1887779946510}]
862959763668	[{"name": "DAILY SPF", "quantity": 1, "id": 1887960727566}]
870966558932	[{"name": "DAILY SPF", "quantity": 1, "id": 1900184338446}]
887936647380	[{"name": "DAILY SPF", "quantity": 1, "id": 1926287851534}]
908426477780	[{"name": "DAILY SPF", "quantity": 1, "id": 1960246870030}]
921300107476	[{"name": "DAILY SPF", "quantity": 1, "id": 1979032993806}]
932229710036	[{"name": "DAILY SPF", "quantity": 1, "id": 1994496901134}]
933223235796	[{"name": "DAILY SPF", "quantity": 1, "id": 1995872272398}]
934192185556	[{"name": "DAILY SPF", "quantity": 1, "id": 1997264846862}]
939564400852	[{"name": "DAILY SPF", "quantity": 1, "id": 2005041446926}]
944942121172	[{"name": "DAILY SPF", "quantity": 1, "id": 2013313630222}]
946104336596	[{"name": "DAILY SPF", "quantity": 1, "id": 2014853234702}]
985969983700	[{"name": "DAILY SPF \u2014 Bundle Set", "quantity": 1, "id": 2077971349518}]
1012816707796	[{"name": "DAILY SPF \u2014 Bundle Set", "quantity": 1, "id": 2120637939726}]
1016684478676	[{"name": "DAILY SPF", "quantity": 1, "id": 2126781972494}]
1039119941844	[{"name": "DAILY SPF \u2014 Bundle Set", "quantity": 1, "id": 2170019020814}]
1049493242068	[{"name": "DAILY SPF \u2014 Bundle Set", "quantity": 1, "id": 2187657641998}]
1055201853652	[{"name": "DAILY SPF", "quantity": 1, "id": 2197527560206}]
1059671703764	[{"name": "DAILY SPF \u2014 Bundle Set", "quantity": 1, "id": 2204575727630}]
1063275430100	[{"name": "DAILY SPF \u2014 Bundle Set", "quantity": 1, "id": 2210342043662}]
1082497237204	[{"name": "DAILY SPF \u2014 Bundle Set", "quantity": 1, "id": 2240788398094}]
1086222598356	[{"name": "DAILY SPF \u2014 Bundle Set", "quantity": 1, "id": 2247832633358}]
1086229545172	[{"name": "DAILY SPF", "quantity": 20, "id": 2247842922510}]
1087214321876	[{"name": "DAILY SPF \u2014 Bundle Set", "quantity": 1, "id": 2250505191438}]
1103887040724	[{"name": "DAILY SPF \u2014 Bundle Set", "quantity": 1, "id": 2284410339342}]
1105768153300	[{"name": "DAILY SPF", "quantity": 1, "id": 2287427158030}]
1111375315156	[{"name": "DAILY SPF", "quantity": 1, "id": 2296509792270}]
1112855970004	[{"name": "DAILY SPF", "quantity": 1, "id": 2298919518222}]
1113020530900	[{"name": "DAILY SPF", "quantity": 6, "id": 2299183464462}]
1119941853396	[{"name": "DAILY SPF \u2014 Bundle Set", "quantity": 1, "id": 2312265007118}]
1129625059540	[{"name": "DAILY SPF", "quantity": 1, "id": 2328432836622}]
1133224657108	[{"name": "DAILY SPF \u2014 Bundle Set", "quantity": 1, "id": 2334319542286}]
1136764354772	[{"name": "DAILY SPF", "quantity": 1, "id": 2339252895758}]
1137477451988	[{"name": "DAILY SPF", "quantity": 1, "id": 2340385030158}]
1138579243220	[{"name": "DAILY SPF", "quantity": 1, "id": 2342150373390}]
1139599016148	[{"name": "DAILY SPF", "quantity": 1, "id": 2343761051662}]
1139600949460	[{"name": "DAILY SPF", "quantity": 1, "id": 2343765114894}]
1139733594324	[{"name": "DAILY SPF", "quantity": 1, "id": 2343988690958}]
1139841695956	[{"name": "DAILY SPF", "quantity": 1, "id": 2344163737614}]
1148185477332	[{"name": "DAILY SPF", "quantity": 1, "id": 2356986314766}]
1152018317524	[{"name": "DAILY SPF", "quantity": 1, "id": 2363096825870}]
1153354367188	[{"name": "DAILY SPF", "quantity": 1, "id": 2365182083086}]
1153930854612	[{"name": "DAILY SPF", "quantity": 1, "id": 2366121377806}]
1153933836500	[{"name": "DAILY SPF \u2014 Bundle Set", "quantity": 1, "id": 2366126391310}]
1158508249300	[{"name": "DAILY SPF", "quantity": 1, "id": 2373013733390}]
1161927786708	[{"name": "DAILY SPF", "quantity": 1, "id": 2378420420622}]
1162106831060	[{"name": "DAILY SPF", "quantity": 1, "id": 2378719756302}]
1162183246036	[{"name": "DAILY SPF \u2014 Bundle Set", "quantity": 1, "id": 2378847617038}]
1164478349524	[{"name": "DAILY SPF \u2014 Bundle Set", "quantity": 1, "id": 2382664859662}]
1164673417428	[{"name": "DAILY SPF", "quantity": 1, "id": 2382982184974}]
1165476724948	[{"name": "DAILY SPF \u2014 Bundle Set", "quantity": 1, "id": 2384285859854}]
1165691650260	[{"name": "DAILY SPF \u2014 Bundle Set", "quantity": 1, "id": 2384632053774}]
1166110163156	[{"name": "DAILY SPF \u2014 Bundle Set", "quantity": 1, "id": 2385313759246}]
1166121828564	[{"name": "DAILY SPF", "quantity": 1, "id": 2385334435854}]
1167111651540	[{"name": "DAILY SPF", "quantity": 1, "id": 2386948751374}]
1168970285268	[{"name": "DAILY SPF \u2014 Bundle Set", "quantity": 1, "id": 2390200942606}]
1169516331220	[{"name": "DAILY SPF", "quantity": 1, "id": 2391209279502}]
1169963974868	[{"name": "DAILY SPF", "quantity": 1, "id": 2391943839758}]
1170080628948	[{"name": "DAILY SPF", "quantity": 1, "id": 2392126455822}]
1171128615124	[{"name": "DAILY SPF \u2014 Bundle Set", "quantity": 1, "id": 2394503938062}]
1171793510612	[{"name": "DAILY SPF", "quantity": 1, "id": 2395848245262}]
1172117323988	[{"name": "DAILY SPF \u2014 Bundle Set", "quantity": 1, "id": 2396370305038}]
1173804712148	[{"name": "DAILY SPF \u2014 Bundle Set", "quantity": 1, "id": 2398707417102}]
1173928935636	[{"name": "DAILY SPF \u2014 Bundle Set", "quantity": 1, "id": 2398875910158}]
1175543939284	[{"name": "DAILY SPF", "quantity": 1, "id": 2401056849934}]
1177203736788	[{"name": "DAILY SPF \u2014 Bundle Set", "quantity": 1, "id": 2403820175374}]
1178814021844	[{"name": "DAILY SPF", "quantity": 1, "id": 2409305178126}]
1179801321684	[{"name": "DAILY SPF \u2014 Bundle Set", "quantity": 1, "id": 2411375001614}]
1180533522644	[{"name": "DAILY SPF \u2014 Bundle Set", "quantity": 1, "id": 2412596133902}]
1182829707476	[{"name": "DAILY SPF", "quantity": 1, "id": 2417435148302}]
1183458263252	[{"name": "DAILY SPF", "quantity": 1, "id": 2418520424462}]
1185566523604	[{"name": "DAILY SPF", "quantity": 1, "id": 2422560063502}]
1185571078356	[{"name": "DAILY SPF", "quantity": 1, "id": 2422566748174}]
1188245962964	[{"name": "DAILY SPF", "quantity": 1, "id": 2428001910798}]
1190457573588	[{"name": "DAILY SPF", "quantity": 1, "id": 2432112492558}]
1190931267796	[{"name": "DAILY SPF", "quantity": 1, "id": 2432872251406}]
1191572865236	[{"name": "DAILY SPF", "quantity": 1, "id": 2433946124302}]
1196297846996	[{"name": "DAILY SPF", "quantity": 10, "id": 2442108010510}]
1197708640468	[{"name": "DAILY SPF \u2014 Bundle Set", "quantity": 1, "id": 2444440928270}]
1197957939412	[{"name": "DAILY SPF", "quantity": 20, "id": 2444866453518}]
1201036853460	[{"name": "DAILY SPF \u2014 Bundle Set", "quantity": 1, "id": 2451322699790}]
1201096786132	[{"name": "DAILY SPF", "quantity": 1, "id": 2451469172750}]
1202893586644	[{"name": "DAILY SPF", "quantity": 1, "id": 2455734648846}]
1202898665684	[{"name": "DAILY SPF", "quantity": 1, "id": 2455746478094}]
1202916524244	[{"name": "DAILY SPF", "quantity": 1, "id": 2455785897998}]
1202920685780	[{"name": "DAILY SPF", "quantity": 1, "id": 2455795335182}]
1203017187540	[{"name": "DAILY SPF", "quantity": 1, "id": 2456000954382}]
1203037077716	[{"name": "DAILY SPF", "quantity": 1, "id": 2456042471438}]
1203049693396	[{"name": "DAILY SPF", "quantity": 1, "id": 2456067178510}]
1203063029972	[{"name": "DAILY SPF", "quantity": 1, "id": 2456095227918}]
1203078824148	[{"name": "DAILY SPF", "quantity": 1, "id": 2456126783502}]
1203201999060	[{"name": "DAILY SPF", "quantity": 1, "id": 2456392663054}]
1203449200852	[{"name": "DAILY SPF", "quantity": 1, "id": 2456858263566}]
1203588268244	[{"name": "DAILY SPF", "quantity": 1, "id": 2457117720590}]
1203599409364	[{"name": "DAILY SPF", "quantity": 1, "id": 2457139511310}]
1206226616532	[{"name": "DAILY SPF", "quantity": 1, "id": 2462199971854}]
1208354537684	[{"name": "DAILY SPF", "quantity": 1, "id": 2466087469070}]
1209310019796	[{"name": "DAILY SPF", "quantity": 1, "id": 2467901177870}]
1211218329812	[{"name": "DAILY SPF", "quantity": 1, "id": 2471465943054}]
1211670266068	[{"name": "DAILY SPF", "quantity": 1, "id": 2472437383182}]
1211676131540	[{"name": "DAILY SPF", "quantity": 1, "id": 2472452489230}]
1213636444372	[{"name": "DAILY SPF", "quantity": 1, "id": 2477454360590}]
1213878894804	[{"name": "DAILY SPF", "quantity": 1, "id": 2477848068110}]
1214358946004	[{"name": "DAILY SPF", "quantity": 1, "id": 2478640562190}]
1214376837332	[{"name": "DAILY SPF \u2014 Bundle Set", "quantity": 1, "id": 2478669856782}]
1215640338644	[{"name": "DAILY SPF", "quantity": 1, "id": 2480696852494}]
1216003997908	[{"name": "DAILY SPF", "quantity": 1, "id": 2481278156814}]
1218596438228	[{"name": "DAILY SPF", "quantity": 1, "id": 2487069573134}]
1218671378644	[{"name": "DAILY SPF", "quantity": 1, "id": 2487229612046}]
1218756280532	[{"name": "DAILY SPF", "quantity": 1, "id": 2487392567310}]
1221186912468	[{"name": "DAILY SPF \u2014 Bundle Set", "quantity": 1, "id": 2492978823182}]
1221504565460	[{"name": "DAILY SPF", "quantity": 1, "id": 2493493379086}]
1222875611348	[{"name": "DAILY SPF", "quantity": 1, "id": 2495689129998}]
1223813660884	[{"name": "DAILY SPF", "quantity": 1, "id": 2497176535054}]
1224066203860	[{"name": "DAILY SPF", "quantity": 1, "id": 2497573814286}]
1224067973332	[{"name": "DAILY SPF \u2014 Bundle Set", "quantity": 1, "id": 2497577058318}]
1224712618196	[{"name": "DAILY SPF", "quantity": 1, "id": 2498513371150}]
1224962146516	[{"name": "DAILY SPF \u2014 Bundle Set", "quantity": 1, "id": 2498911535118}]
1225293103316	[{"name": "DAILY SPF", "quantity": 1, "id": 2499441065998}]
1226066559188	[{"name": "DAILY SPF", "quantity": 1, "id": 2500682350606}]
1226840408276	[{"name": "DAILY SPF", "quantity": 1, "id": 2501916033038}]
1227020042452	[{"name": "DAILY SPF \u2014 Bundle Set", "quantity": 1, "id": 2502197051406}]
1227439472852	[{"name": "DAILY SPF", "quantity": 1, "id": 2502878494734}]
1227863752916	[{"name": "DAILY SPF", "quantity": 1, "id": 2503534542862}]
1227943608532	[{"name": "DAILY SPF", "quantity": 1, "id": 2503659225102}]
1229473579220	[{"name": "DAILY SPF", "quantity": 1, "id": 2506759405582}]
1229690011860	[{"name": "DAILY SPF \u2014 Bundle Set", "quantity": 1, "id": 2507113365518}]
1230764769492	[{"name": "DAILY SPF", "quantity": 1, "id": 2509655867406}]
1230942470356	[{"name": "DAILY SPF \u2014 Bundle Set", "quantity": 1, "id": 2510132019214}]
1231079604436	[{"name": "DAILY SPF", "quantity": 1, "id": 2510432239630}]
1231083962580	[{"name": "DAILY SPF \u2014 Bundle Set", "quantity": 1, "id": 2510440366094}]
1231810199764	[{"name": "DAILY SPF", "quantity": 1, "id": 2512076111886}]
1234025513172	[{"name": "DAILY SPF", "quantity": 1, "id": 2517825650702}]
1234950652116	[{"name": "DAILY SPF", "quantity": 1, "id": 2520359763982}]
1235004850388	[{"name": "DAILY SPF \u2014 Bundle Set", "quantity": 1, "id": 2520500568078}]
1235745210580	[{"name": "DAILY SPF", "quantity": 1, "id": 2521902153742}]
1236104052948	[{"name": "DAILY SPF", "quantity": 1, "id": 2522452819982}]
1236577779924	[{"name": "DAILY SPF", "quantity": 1, "id": 2523204517902}]
1237029322964	[{"name": "Father's Day Gift \u201420% Off One Year's Supply", "quantity": 1, "id": 2523916206094}]
1237187428564	[{"name": "DAILY SPF", "quantity": 1, "id": 2524167274510}]
1237493547220	[{"name": "DAILY SPF", "quantity": 1, "id": 2524888170510}]
1238286368980	[{"name": "DAILY SPF", "quantity": 1, "id": 2527379456014}]
1239611441364	[{"name": "DAILY SPF", "quantity": 1, "id": 2530973450254}]
1239858741460	[{"name": "DAILY SPF", "quantity": 1, "id": 2531754344462}]
1240120295636	[{"name": "DAILY SPF", "quantity": 1, "id": 2532632657934}]
1241553633492	[{"name": "DAILY SPF", "quantity": 1, "id": 2558359109646}]
1242722402516	[{"name": "DAILY SPF \u2014 Bundle Set", "quantity": 1, "id": 2564383637518}]
1243781628116	[{"name": "DAILY SPF \u2014 Bundle Set", "quantity": 1, "id": 2567995490318}]
1244108554452	[{"name": "DAILY SPF \u2014 Bundle Set", "quantity": 1, "id": 2569177956366}]
1244118745300	[{"name": "DAILY SPF \u2014 Bundle Set", "quantity": 1, "id": 2569209839630}]
1244942172372	[{"name": "DAILY SPF", "quantity": 1, "id": 2571468701710}]
1245645308116	[{"name": "DAILY SPF", "quantity": 1, "id": 2573831766030}]
1245929799892	[{"name": "DAILY SPF \u2014 Bundle Set", "quantity": 1, "id": 2574712471566}]
1248108413140	[{"name": "DAILY SPF", "quantity": 1, "id": 2580468989966}]
1249042596052	[{"name": "DAILY SPF", "quantity": 1, "id": 2582685810702}]
1249925497044	[{"name": "DAILY SPF", "quantity": 1, "id": 2584158339086}]
1251157803220	[{"name": "DAILY SPF \u2014 Bundle Set", "quantity": 1, "id": 2586090373134}]
1253070897364	[{"name": "DAILY SPF", "quantity": 1, "id": 2589113974798}]
1253816008916	[{"name": "DAILY SPF", "quantity": 1, "id": 2591587729422}]
1253925257428	[{"name": "DAILY SPF \u2014 Bundle Set", "quantity": 1, "id": 2591908757518}]
1254923534548	[{"name": "DAILY SPF", "quantity": 1, "id": 2608429760526}]
1255311376596	[{"name": "DAILY SPF \u2014 Bundle Set", "quantity": 1, "id": 2609044979726}]
1255457095892	[{"name": "DAILY SPF", "quantity": 1, "id": 2609271242766}]
1256244183252	[{"name": "DAILY SPF", "quantity": 1, "id": 2610529533966}]
1256869527764	[{"name": "DAILY SPF \u2014 Bundle Set", "quantity": 1, "id": 2611544621070}]
1258786128084	[{"name": "DAILY SPF \u2014 Bundle Set", "quantity": 1, "id": 2614580379662}]
1259580260564	[{"name": "DAILY SPF", "quantity": 1, "id": 2624312082446}]
1260609601748	[{"name": "DAILY SPF", "quantity": 1, "id": 2649682509838}]
1263213871316	[{"name": "DAILY SPF", "quantity": 1, "id": 2654044684302}]
1263469297876	[{"name": "DAILY SPF", "quantity": 1, "id": 2654472503310}]
1263653028052	[{"name": "DAILY SPF \u2014 Bundle Set", "quantity": 1, "id": 2654772068366}]
1263729901780	[{"name": "DAILY SPF", "quantity": 1, "id": 2654894260238}]
1263999811796	[{"name": "DAILY SPF", "quantity": 1, "id": 2655323160590}]
1265791140052	[{"name": "DAILY SPF \u2014 Bundle Set", "quantity": 1, "id": 2658242527246}]
1265873846484	[{"name": "DAILY SPF", "quantity": 1, "id": 2658385756174}]
1267051921620	[{"name": "DAILY SPF", "quantity": 3, "id": 2660319166478}]
1267085410516	[{"name": "DAILY SPF", "quantity": 3, "id": 2660370546702}]
1267347423444	[{"name": "DAILY SPF", "quantity": 1, "id": 2660781195278}]
1267646562516	[{"name": "DAILY SPF \u2014 Bundle Set", "quantity": 1, "id": 2661256691726}]
1267673465044	[{"name": "DAILY SPF", "quantity": 1, "id": 2661297586190}]
1267703611604	[{"name": "DAILY SPF", "quantity": 1, "id": 2661345067022}]
1268043808980	[{"name": "DAILY SPF", "quantity": 1, "id": 2661870272526}]
1269266940116	[{"name": "DAILY SPF", "quantity": 1, "id": 2663855226894}]
1269274411220	[{"name": "DAILY SPF \u2014 Bundle Set", "quantity": 1, "id": 2663866466318}]
1269328675028	[{"name": "DAILY SPF", "quantity": 1, "id": 2663952220174}]
1269454667988	[{"name": "DAILY SPF", "quantity": 1, "id": 2664153743374}]
1269589672148	[{"name": "DAILY SPF", "quantity": 1, "id": 2664365031438}]
1270267347156	[{"name": "DAILY SPF", "quantity": 1, "id": 2665490513934}]
1270351790292	[{"name": "DAILY SPF", "quantity": 13, "id": 2665631055886}]
1270552363220	[{"name": "DAILY SPF", "quantity": 1, "id": 2665975775246}]
1270555902164	[{"name": "DAILY SPF", "quantity": 1, "id": 2665981214734}]
1270828368084	[{"name": "DAILY SPF \u2014 Bundle Set", "quantity": 1, "id": 2666417553422}]
1271155458260	[{"name": "DAILY SPF", "quantity": 1, "id": 2666937286670}]
1271588192468	[{"name": "DAILY SPF", "quantity": 1, "id": 2667631738894}]
1271707435220	[{"name": "DAILY SPF", "quantity": 1, "id": 2667837784078}]
1271771070676	[{"name": "DAILY SPF", "quantity": 2, "id": 2667940216846}]
1272182276308	[{"name": "DAILY SPF \u2014 Bundle Set", "quantity": 1, "id": 2668627197966}]
1273168756948	[{"name": "DAILY SPF", "quantity": 1, "id": 2670221393934}]
1273420185812	[{"name": "DAILY SPF", "quantity": 1, "id": 2670664712206}]
1273554010324	[{"name": "DAILY SPF", "quantity": 1, "id": 2670900445198}]
1273701531860	[{"name": "DAILY SPF", "quantity": 1, "id": 2671147057166}]
1274620379348	[{"name": "DAILY SPF", "quantity": 1, "id": 2672686497806}]
1275018903764	[{"name": "DAILY SPF", "quantity": 1, "id": 2673340678158}]
1275539226836	[{"name": "DAILY SPF \u2014 Bundle Set", "quantity": 1, "id": 2674218762254}]
1277241721044	[{"name": "DAILY SPF", "quantity": 1, "id": 2677084028942}]
1277500915924	[{"name": "DAILY SPF", "quantity": 1, "id": 2677498380302}]
1278550769876	[{"name": "DAILY SPF \u2014 Bundle Set", "quantity": 1, "id": 2679133110286}]
1279403622612	[{"name": "DAILY SPF \u2014 Bundle Set", "quantity": 1, "id": 2680556290062}]
1279668814036	[{"name": "DAILY SPF \u2014 Bundle Set", "quantity": 1, "id": 2680991285262}]
1281152778452	[{"name": "DAILY SPF", "quantity": 1, "id": 2683468185614}]
1281394802900	[{"name": "DAILY SPF \u2014 Bundle Set", "quantity": 1, "id": 2683859828750}]
1282325676244	[{"name": "DAILY SPF", "quantity": 1, "id": 2777685131278}]
1282354610388	[{"name": "DAILY SPF", "quantity": 1, "id": 2778402455566}]
1282447868116	[{"name": "DAILY SPF", "quantity": 1, "id": 2778976747534}]
1282452750548	[{"name": "DAILY SPF", "quantity": 1, "id": 2778985594894}]
1282474148052	[{"name": "DAILY SPF", "quantity": 1, "id": 2779023015950}]
1283404333268	[{"name": "DAILY SPF \u2014 Bundle Set", "quantity": 1, "id": 2781647896590}]
1284185063636	[{"name": "DAILY SPF", "quantity": 1, "id": 2783367626766}]
1284329636052	[{"name": "DAILY SPF", "quantity": 1, "id": 2783609651214}]
1284415258836	[{"name": "DAILY SPF", "quantity": 1, "id": 2783757729806}]
1285398102228	[{"name": "DAILY SPF", "quantity": 1, "id": 2785418838030}]
1285899911380	[{"name": "DAILY SPF \u2014 Bundle Set", "quantity": 1, "id": 2786264580110}]
1286349127892	[{"name": "DAILY SPF", "quantity": 10, "id": 2787039576078}]
1287693828308	[{"name": "DAILY SPF", "quantity": 1, "id": 2789233328142}]
1288196227284	[{"name": "DAILY SPF \u2014 Bundle Set", "quantity": 1, "id": 2790084149262}]
1289073524948	[{"name": "DAILY SPF", "quantity": 1, "id": 2791500873742}]
1289609707732	[{"name": "DAILY SPF", "quantity": 1, "id": 2792372895758}]
1289910911188	[{"name": "DAILY SPF", "quantity": 1, "id": 2792870182926}]
1290728931540	[{"name": "DAILY SPF \u2014 Bundle Set", "quantity": 1, "id": 2794229366798}]
1290742005972	[{"name": "DAILY SPF", "quantity": 1, "id": 2794251026446}]
1290960437460	[{"name": "DAILY SPF", "quantity": 1, "id": 2794627989518}]
1291017846996	[{"name": "DAILY SPF", "quantity": 1, "id": 2794721312782}]
1293220446420	[{"name": "DAILY SPF", "quantity": 1, "id": 2797472481294}]
1293985644756	[{"name": "DAILY SPF \u2014 Bundle Set", "quantity": 1, "id": 2798331330574}]
1294145847508	[{"name": "DAILY SPF \u2014 Bundle Set", "quantity": 1, "id": 2798575452174}]
1295004893396	[{"name": "DAILY SPF", "quantity": 1, "id": 2799967207438}]
1295159132372	[{"name": "DAILY SPF", "quantity": 1, "id": 2800219258894}]
1295356494036	[{"name": "DAILY SPF", "quantity": 1, "id": 2800556736526}]
1295426748628	[{"name": "DAILY SPF", "quantity": 1, "id": 2800678109198}]
1295656321236	[{"name": "DAILY SPF", "quantity": 1, "id": 2801034297358}]
1295768027348	[{"name": "DAILY SPF", "quantity": 1, "id": 2801213112334}]
1295804006612	[{"name": "DAILY SPF", "quantity": 1, "id": 2801269735438}]
1296249192660	[{"name": "DAILY SPF \u2014 Bundle Set", "quantity": 1, "id": 2801983258638}]
1296324231380	[{"name": "DAILY SPF \u2014 Bundle Set", "quantity": 1, "id": 2802115084302}]
1296526442708	[{"name": "DAILY SPF", "quantity": 1, "id": 2802450235406}]
1296596926676	[{"name": "DAILY SPF", "quantity": 1, "id": 2802568462350}]
1297518297300	[{"name": "DAILY SPF", "quantity": 1, "id": 2804142112782}]
1297986093268	[{"name": "DAILY SPF", "quantity": 1, "id": 2804868972558}]
1298193383636	[{"name": "DAILY SPF", "quantity": 1, "id": 2805222080526}]
1298427838676	[{"name": "DAILY SPF", "quantity": 1, "id": 2805618409486}]
1299310674132	[{"name": "DAILY SPF", "quantity": 1, "id": 2807064526862}]
1299495092436	[{"name": "DAILY SPF", "quantity": 1, "id": 2807352983566}]
1299504201940	[{"name": "DAILY SPF", "quantity": 1, "id": 2807367696398}]
1301228716244	[{"name": "DAILY SPF \u2014 Bundle Set", "quantity": 1, "id": 2810180370446}]
1301894267092	[{"name": "DAILY SPF", "quantity": 1, "id": 2811255422990}]
1302097821908	[{"name": "DAILY SPF", "quantity": 1, "id": 2811593883662}]
1302101819604	[{"name": "DAILY SPF", "quantity": 1, "id": 2811600732174}]
1302387392724	[{"name": "DAILY SPF", "quantity": 1, "id": 2812077146126}]
1302389817556	[{"name": "DAILY SPF", "quantity": 1, "id": 2812080586766}]
1302397026516	[{"name": "DAILY SPF", "quantity": 1, "id": 2812090318862}]
1302571286740	[{"name": "DAILY SPF", "quantity": 1, "id": 2812369076238}]
1302644097236	[{"name": "DAILY SPF \u2014 Bundle Set", "quantity": 1, "id": 2812486025230}]
1303814439124	[{"name": "DAILY SPF", "quantity": 1, "id": 2814387617806}]
1303940759764	[{"name": "DAILY SPF", "quantity": 1, "id": 2814596055054}]
1304010784980	[{"name": "DAILY SPF", "quantity": 1, "id": 2814709891086}]
1304165810388	[{"name": "DAILY SPF", "quantity": 1, "id": 2814974820366}]
1304971772116	[{"name": "DAILY SPF", "quantity": 1, "id": 2816277872654}]
1306938179796	[{"name": "DAILY SPF", "quantity": 1, "id": 2819600973838}]
1308159803604	[{"name": "DAILY SPF", "quantity": 1, "id": 2821647499278}]
1308417589460	[{"name": "DAILY SPF", "quantity": 1, "id": 2822084034574}]
1308464742612	[{"name": "DAILY SPF", "quantity": 1, "id": 2822164938766}]
1309237838036	[{"name": "DAILY SPF", "quantity": 1, "id": 2823441219598}]
1309863674068	[{"name": "DAILY SPF", "quantity": 1, "id": 2824519876622}]
1310570938580	[{"name": "DAILY SPF", "quantity": 1, "id": 2825755361294}]
1310600659156	[{"name": "DAILY SPF \u2014 2 Pack", "quantity": 1, "id": 2825807593486}]
1310762434772	[{"name": "DAILY SPF", "quantity": 5, "id": 2826073440270}]
1312467943636	[{"name": "DAILY SPF", "quantity": 1, "id": 2829068369934}]
1313107312852	[{"name": "DAILY SPF", "quantity": 1, "id": 2830123106318}]
1313327087828	[{"name": "DAILY SPF", "quantity": 1, "id": 2830516027406}]
1314348237012	[{"name": "DAILY SPF", "quantity": 1, "id": 2832240443406}]
1314788835540	[{"name": "DAILY SPF", "quantity": 1, "id": 2832964878350}]
1314797846740	[{"name": "DAILY SPF", "quantity": 1, "id": 2832981819406}]
1315066249428	[{"name": "DAILY SPF", "quantity": 1, "id": 2833456201742}]
1315575398612	[{"name": "DAILY SPF", "quantity": 1, "id": 2834342182926}]
1316311302356	[{"name": "DAILY SPF", "quantity": 1, "id": 2835653918734}]
1316516790484	[{"name": "DAILY SPF", "quantity": 1, "id": 2836020953102}]
1319108542676	[{"name": "DAILY SPF", "quantity": 1, "id": 2840356585486}]
1319904116948	[{"name": "DAILY SPF", "quantity": 1, "id": 2841787498510}]
1319907885268	[{"name": "DAILY SPF \u2014 2 Pack", "quantity": 1, "id": 2841795559438}]
1320872706260	[{"name": "DAILY SPF", "quantity": 1, "id": 2843767603214}]
1320904098004	[{"name": "DAILY SPF \u2014 2 Pack", "quantity": 1, "id": 2843824029710}]
1321020326100	[{"name": "DAILY SPF", "quantity": 1, "id": 2844024438798}]
1321328443604	[{"name": "DAILY SPF", "quantity": 1, "id": 2844580315150}]
1321856237780	[{"name": "DAILY SPF \u2014 2 Pack", "quantity": 1, "id": 2845543399438}]
1322762830036	[{"name": "DAILY SPF", "quantity": 1, "id": 2847430967310}]
1323103584468	[{"name": "DAILY SPF", "quantity": 1, "id": 2848088719374}]
1323649368276	[{"name": "DAILY SPF", "quantity": 1, "id": 2849123794958}]
1323871600852	[{"name": "DAILY SPF", "quantity": 1, "id": 2849561935886}]
1324073320660	[{"name": "DAILY SPF", "quantity": 1, "id": 2849923170318}]
1325280461012	[{"name": "DAILY SPF \u2014 2 Pack", "quantity": 1, "id": 2852340170766}]
1325424050388	[{"name": "DAILY SPF", "quantity": 1, "id": 2852612931598}]
1326366425300	[{"name": "DAILY SPF", "quantity": 1, "id": 2854485819406}]
1330286428372	[{"name": "DAILY SPF \u2014 2 Pack", "quantity": 1, "id": 2862116372494}]
1330715164884	[{"name": "DAILY SPF \u2014 2 Pack", "quantity": 1, "id": 2862932230158}]
1332147683540	[{"name": "DAILY SPF", "quantity": 1, "id": 2865393991694}]
1333524889812	[{"name": "DAILY SPF \u2014 2 Pack", "quantity": 1, "id": 2867906773006}]
1333855453396	[{"name": "DAILY SPF \u2014 2 Pack", "quantity": 1, "id": 2868546142222}]
1334851895508	[{"name": "DAILY SPF \u2014 2 Pack", "quantity": 1, "id": 2870466543630}]
1335855251668	[{"name": "DAILY SPF", "quantity": 1, "id": 2872512217102}]
1336411979988	[{"name": "DAILY SPF", "quantity": 1, "id": 2873648054286}]
1336668946644	[{"name": "DAILY SPF", "quantity": 1, "id": 2874157170702}]
1337089425620	[{"name": "DAILY SPF", "quantity": 2, "id": 2874995998734}]
1337973768404	[{"name": "DAILY SPF \u2014 2 Pack", "quantity": 1, "id": 2876776251406}]
1339035517140	[{"name": "Daily SPF 30 + Moisturizer", "quantity": 1, "id": 2879032098830}]
1339556856020	[{"name": "2-in-1 Men's Daily Face Sunscreen + Moisturizer, Broad-Spectrum SPF 30, Water-Based, Reef-Safe, 35ml", "quantity": 1, "id": 2879936790542}]
1339586412756	[{"name": "DAILY SPF", "quantity": 2, "id": 2879987974158}]
1339594277076	[{"name": "DAILY SPF", "quantity": 1, "id": 2880003145742}]
1339596800212	[{"name": "DAILY SPF", "quantity": 1, "id": 2880007241742}]
1339644575956	[{"name": "DAILY SPF \u2014 2 Pack", "quantity": 1, "id": 2880090144782}]
1339665023188	[{"name": "2-in-1 Men's Daily Face Sunscreen + Moisturizer, Broad-Spectrum SPF 30, Water-Based, Reef-Safe, 35ml", "quantity": 1, "id": 2880127893518}]
1340252094676	[{"name": "DAILY SPF", "quantity": 1, "id": 2881128824846}]
1340383297748	[{"name": "2-in-1 Men's Daily Face Sunscreen + Moisturizer, Broad-Spectrum SPF 30, Water-Based, Reef-Safe, 35ml", "quantity": 2, "id": 2881350828046}]
1341243359444	[{"name": "DAILY SPF", "quantity": 1, "id": 2882709553166}]
1341259481300	[{"name": "DAILY SPF \u2014 2 Pack", "quantity": 1, "id": 2882736193550}]
1341672161492	[{"name": "DAILY SPF", "quantity": 1, "id": 2883434512398}]
1342864326868	[{"name": "2-in-1 Men's Daily Face Sunscreen + Moisturizer, Broad-Spectrum SPF 30, Water-Based, Reef-Safe, 35ml", "quantity": 1, "id": 2885434703886}]
1344417267924	[{"name": "DAILY SPF", "quantity": 1, "id": 2888063746062}]
1345909260500	[{"name": "DAILY SPF", "quantity": 1, "id": 2890563780622}]
1346460811476	[{"name": "DAILY SPF", "quantity": 1, "id": 2891495407630}]
1346999714004	[{"name": "DAILY SPF \u2014 2 Pack", "quantity": 2, "id": 2892388696078}]
1347303506132	[{"name": "DAILY SPF", "quantity": 1, "id": 2892863045646}]
1347926589652	[{"name": "DAILY SPF", "quantity": 1, "id": 2893958643726}]
1349993398484	[{"name": "DAILY SPF", "quantity": 1, "id": 2898053267470}]
1350109888724	[{"name": "DAILY SPF", "quantity": 1, "id": 2898296700942}]
1352169783508	[{"name": "DAILY SPF \u2014 2 Pack", "quantity": 1, "id": 2902374416398}]
1353070379220	[{"name": "DAILY SPF", "quantity": 1, "id": 2904261066766}]
1353199714516	[{"name": "DAILY SPF \u2014 2 Pack", "quantity": 1, "id": 2904532647950}]
1353912189140	[{"name": "DAILY SPF \u2014 2 Pack", "quantity": 1, "id": 2905975488526}]
1353943515348	[{"name": "DAILY SPF", "quantity": 1, "id": 2906039451662}]
1354033332436	[{"name": "DAILY SPF", "quantity": 1, "id": 2906228391950}]
1354639704276	[{"name": "DAILY SPF", "quantity": 1, "id": 2907478032398}]
1354644914388	[{"name": "DAILY SPF", "quantity": 1, "id": 2907487338510}]
1355196629204	[{"name": "DAILY SPF", "quantity": 1, "id": 2908605186062}]
1355215864020	[{"name": "DAILY SPF \u2014 2 Pack", "quantity": 1, "id": 2908643885070}]
1359984787668	[{"name": "DAILY SPF \u2014 2 Pack", "quantity": 1, "id": 2918529138702}]
1360279568596	[{"name": "DAILY SPF \u2014 2 Pack", "quantity": 1, "id": 2919122436110}]
1360605675732	[{"name": "DAILY SPF \u2014 2 Pack", "quantity": 1, "id": 2919770259470}]
1362389369044	[{"name": "DAILY SPF \u2014 2 Pack", "quantity": 1, "id": 2923508727822}]
1362783174868	[{"name": "2-in-1 Men's Daily Face Sunscreen + Moisturizer, Broad-Spectrum SPF 30, Water-Based, Reef-Safe, 35ml", "quantity": 2, "id": 2924274286606}]
1363324764372	[{"name": "DAILY SPF \u2014 2 Pack", "quantity": 1, "id": 2925323780110}]
1363354779860	[{"name": "DAILY SPF", "quantity": 1, "id": 2925383254030}]
1363939393748	[{"name": "DAILY SPF", "quantity": 1, "id": 2926525153294}]
1365355561172	[{"name": "DAILY SPF \u2014 2 Pack", "quantity": 1, "id": 2929274191886}]
1365370208468	[{"name": "DAILY SPF", "quantity": 1, "id": 2929298866190}]
1365968945364	[{"name": "DAILY SPF \u2014 2 Pack", "quantity": 1, "id": 2930303696910}]
1366169092308	[{"name": "DAILY SPF \u2014 2 Pack", "quantity": 1, "id": 2930645270542}]
1366330998996	[{"name": "2-in-1 Men's Daily Face Sunscreen + Moisturizer, Broad-Spectrum SPF 30, Water-Based, Reef-Safe, 35ml", "quantity": 1, "id": 2930925010958}]
1366432153812	[{"name": "DAILY SPF \u2014 2 Pack", "quantity": 1, "id": 2931093667854}]
1367304732884	[{"name": "DAILY SPF", "quantity": 50, "id": 2932589887502}]
1367362502868	[{"name": "DAILY SPF", "quantity": 1, "id": 2932686159886}]
1367519232212	[{"name": "DAILY SPF", "quantity": 1, "id": 2932948336654}]
1368806359252	[{"name": "DAILY SPF \u2014 2 Pack", "quantity": 1, "id": 2935143301134}]
1369982075092	[{"name": "DAILY SPF", "quantity": 1, "id": 2937149390862}]
1370111279316	[{"name": "DAILY SPF", "quantity": 1, "id": 2937372114958}]
1370207748308	[{"name": "DAILY SPF", "quantity": 6, "id": 2937543491598}]
1370637402324	[{"name": "DAILY SPF", "quantity": 1, "id": 2938278248462}]
1370800914644	[{"name": "DAILY SPF \u2014 2 Pack", "quantity": 1, "id": 2938555727886}]
1370971996372	[{"name": "DAILY SPF", "quantity": 1, "id": 2938835304462}]
1371188822228	[{"name": "DAILY SPF \u2014 2 Pack", "quantity": 1, "id": 2939159609358}]
1372500820180	[{"name": "DAILY SPF \u2014 2 Pack", "quantity": 1, "id": 2941368434702}]
1372578775252	[{"name": "2-in-1 Men's Daily Face Sunscreen + Moisturizer, Broad-Spectrum SPF 30, Water-Based, Reef-Safe, 35ml", "quantity": 1, "id": 2941495345166}]
1374241882324	[{"name": "DAILY SPF", "quantity": 1, "id": 2944276103182}]
1374451990740	[{"name": "DAILY SPF", "quantity": 1, "id": 2944613023758}]
1374622941396	[{"name": "DAILY SPF", "quantity": 1, "id": 2944885260302}]
1374623138004	[{"name": "DAILY SPF \u2014 2 Pack", "quantity": 1, "id": 2944885620750}]
1375508725972	[{"name": "DAILY SPF \u2014 2 Pack", "quantity": 1, "id": 2946405072910}]
1375627641044	[{"name": "DAILY SPF \u2014 2 Pack", "quantity": 1, "id": 2946601222158}]
1375650119892	[{"name": "DAILY SPF \u2014 2 Pack", "quantity": 1, "id": 2946637529102}]
1376727662804	[{"name": "DAILY SPF", "quantity": 1, "id": 2948396122126}]
1377092665556	[{"name": "DAILY SPF \u2014 2 Pack", "quantity": 1, "id": 2948995383310}]
1378747941076	[{"name": "DAILY SPF", "quantity": 1, "id": 2951773356046}]
1378771173588	[{"name": "DAILY SPF \u2014 2 Pack", "quantity": 1, "id": 2951809007630}]
1378964799700	[{"name": "DAILY SPF", "quantity": 1, "id": 2952134197262}]
1380826513620	[{"name": "DAILY SPF", "quantity": 1, "id": 2955261771790}]
1381384192212	[{"name": "DAILY SPF", "quantity": 1, "id": 2956191039502}]
1381814763732	[{"name": "DAILY SPF", "quantity": 1, "id": 2956931366926}]
1383290339540	[{"name": "DAILY SPF", "quantity": 1, "id": 2959456141326}]
1383330349268	[{"name": "DAILY SPF", "quantity": 1, "id": 2959526723598}]
1383503200468	[{"name": "DAILY SPF", "quantity": 1, "id": 2959826386958}]
1383608156372	[{"name": "DAILY SPF \u2014 2 Pack", "quantity": 1, "id": 2959990882318}]
1384717648084	[{"name": "DAILY SPF", "quantity": 3, "id": 2961816059918}]
1385059057876	[{"name": "DAILY SPF", "quantity": 1, "id": 2962416074766}]
1385255502036	[{"name": "DAILY SPF", "quantity": 1, "id": 2962754961422}]
1385389785300	[{"name": "DAILY SPF", "quantity": 1, "id": 2962990170126}]
1386261577940	[{"name": "DAILY SPF", "quantity": 1, "id": 2964474462222}]
1386293559508	[{"name": "DAILY SPF \u2014 2 Pack", "quantity": 1, "id": 2964527579150}]
1387325325524	[{"name": "DAILY SPF", "quantity": 1, "id": 2966317498382}]
1387659985108	[{"name": "DAILY SPF", "quantity": 1, "id": 2966865969166}]
1387708416212	[{"name": "DAILY SPF", "quantity": 1, "id": 2966946480142}]
1387801313492	[{"name": "DAILY SPF", "quantity": 1, "id": 2967102914574}]
1388093866196	[{"name": "DAILY SPF \u2014 2 Pack", "quantity": 1, "id": 2967608786958}]
1388133941460	[{"name": "DAILY SPF \u2014 2 Pack", "quantity": 1, "id": 2967677173774}]
1388166283476	[{"name": "DAILY SPF", "quantity": 1, "id": 2967734845454}]
1388762398932	[{"name": "DAILY SPF", "quantity": 1, "id": 2968775065614}]
1388770689236	[{"name": "DAILY SPF", "quantity": 1, "id": 2968788303886}]
1388874957012	[{"name": "DAILY SPF", "quantity": 1, "id": 2968964366350}]
1389753204948	[{"name": "DAILY SPF \u2014 2 Pack", "quantity": 1, "id": 2970496401422}]
1390195736788	[{"name": "2-in-1 Men's Daily Face Sunscreen + Moisturizer, Broad-Spectrum SPF 30, Water-Based, Reef-Safe, 35ml", "quantity": 1, "id": 2971250655246}]
1390418067668	[{"name": "DAILY SPF", "quantity": 1, "id": 2971630698510}]
1390931050708	[{"name": "DAILY SPF", "quantity": 1, "id": 2972507668494}]
1391594832084	[{"name": "DAILY SPF", "quantity": 1, "id": 2973708255246}]
1392130293972	[{"name": "DAILY SPF", "quantity": 1, "id": 2974646894606}]
1392394666196	[{"name": "DAILY SPF", "quantity": 1, "id": 2975110430734}]
1392417439956	[{"name": "DAILY SPF", "quantity": 1, "id": 2975150702606}]
1392489824468	[{"name": "2-in-1 Men's Daily Face Sunscreen + Moisturizer, Broad-Spectrum SPF 30, Water-Based, Reef-Safe, 35ml", "quantity": 1, "id": 2975265030158}]
1392616243412	[{"name": "DAILY SPF", "quantity": 1, "id": 2975460098062}]
1393043112148	[{"name": "DAILY SPF", "quantity": 1, "id": 2976193773582}]
1393062936788	[{"name": "DAILY SPF", "quantity": 1, "id": 2976228671502}]
1393077125332	[{"name": "DAILY SPF", "quantity": 1, "id": 2976254001166}]
1393118937300	[{"name": "DAILY SPF", "quantity": 1, "id": 2976330153998}]
1393161044180	[{"name": "DAILY SPF \u2014 2 Pack", "quantity": 1, "id": 2976405159950}]
1393184211156	[{"name": "DAILY SPF", "quantity": 1, "id": 2976445956110}]
1393326686420	[{"name": "DAILY SPF \u2014 2 Pack", "quantity": 1, "id": 2976710295566}]
1394121867476	[{"name": "DAILY SPF", "quantity": 1, "id": 2978040971278}]
1394529566932	[{"name": "DAILY SPF", "quantity": 1, "id": 2978737127438}]
1395335200980	[{"name": "DAILY SPF", "quantity": 2, "id": 2980175216654}]
1395430260948	[{"name": "DAILY SPF", "quantity": 1, "id": 2980341022734}]
1395448774868	[{"name": "DAILY SPF", "quantity": 1, "id": 2980372152334}]
1395590103252	[{"name": "DAILY SPF", "quantity": 1, "id": 2980617879566}]
1396327514324	[{"name": "DAILY SPF", "quantity": 1, "id": 2981908807694}]
1396679147732	[{"name": "DAILY SPF", "quantity": 1, "id": 2982589366286}]
1396708180180	[{"name": "DAILY SPF", "quantity": 1, "id": 2982669189134}]
1400222810324	[{"name": "DAILY SPF", "quantity": 1, "id": 2990341554190}]
1400867258580	[{"name": "DAILY SPF", "quantity": 1, "id": 2991747727374}]
1405043736788	[{"name": "2-in-1 Men's Daily Face Sunscreen + Moisturizer, Broad-Spectrum SPF 30, Water-Based, Reef-Safe, 35ml", "quantity": 1, "id": 2999345020942}]
1407383240916	[{"name": "DAILY SPF", "quantity": 1, "id": 3003669184526}]
1407574638804	[{"name": "DAILY SPF \u2014 2 Pack", "quantity": 1, "id": 3004004204558}]
1407985582292	[{"name": "DAILY SPF", "quantity": 50, "id": 3004691447822}]
1408408092884	[{"name": "DAILY SPF \u2014 2 Pack", "quantity": 1, "id": 3005394354190}]
1408708214996	[{"name": "2-in-1 Men's Daily Face Sunscreen + Moisturizer, Broad-Spectrum SPF 30, Water-Based, Reef-Safe, 35ml", "quantity": 1, "id": 3005894492174}]
1409066762452	[{"name": "DAILY SPF \u2014 2 Pack", "quantity": 1, "id": 3006483628046}]
1409655144660	[{"name": "DAILY SPF", "quantity": 6, "id": 3007493734414}]
1409845100756	[{"name": "DAILY SPF", "quantity": 2, "id": 3007818203150}]
1409982759124	[{"name": "2-in-1 Men's Daily Face Sunscreen + Moisturizer, Broad-Spectrum SPF 30, Water-Based, Reef-Safe, 35ml", "quantity": 1, "id": 3008064421902}]
1409997734100	[{"name": "DAILY SPF", "quantity": 1, "id": 3008088375310}]
1410276950228	[{"name": "DAILY SPF", "quantity": 1, "id": 3008558301198}]
1411986686164	[{"name": "2-in-1 Men's Daily Face Sunscreen + Moisturizer, Broad-Spectrum SPF 30, Water-Based, Reef-Safe, 35ml", "quantity": 1, "id": 3011525607438}]
1412519821524	[{"name": "DAILY SPF", "quantity": 1, "id": 3012593090574}]
1413291278548	[{"name": "DAILY SPF", "quantity": 1, "id": 3014103138318}]
1415023001812	[{"name": "DAILY SPF", "quantity": 1, "id": 3017116352526}]
1417802383572	[{"name": "DAILY SPF", "quantity": 1, "id": 3021810139150}]
1418465476820	[{"name": "DAILY SPF \u2014 2 Pack", "quantity": 1, "id": 3022906097678}]
1420146442452	[{"name": "DAILY SPF", "quantity": 1, "id": 3025688133646}]
1420392399060	[{"name": "DAILY SPF", "quantity": 1, "id": 3026101108750}]
1420865601748	[{"name": "DAILY SPF", "quantity": 2, "id": 3026869616654}]
1420937593044	[{"name": "DAILY SPF", "quantity": 1, "id": 3026981912590}]
1423631188180	[{"name": "2-in-1 Men's Daily Face Sunscreen + Moisturizer, Broad-Spectrum SPF 30, Water-Based, Reef-Safe, 35ml", "quantity": 1, "id": 3031432134670}]
1424504226004	[{"name": "DAILY SPF", "quantity": 1, "id": 3032859344910}]
1425156800724	[{"name": "DAILY SPF", "quantity": 1, "id": 3033957728270}]
1425925079252	[{"name": "DAILY SPF \u2014 2 Pack", "quantity": 1, "id": 3035310948366}]
1426599739604	[{"name": "DAILY SPF \u2014 2 Pack", "quantity": 1, "id": 3036439805966}]
1427048693972	[{"name": "2-in-1 Men's Daily Face Sunscreen + Moisturizer, Broad-Spectrum SPF 30, Water-Based, Reef-Safe, 35ml", "quantity": 1, "id": 3037218504718}]
1427190841556	[{"name": "DAILY SPF \u2014 2 Pack", "quantity": 1, "id": 3037470621710}]
1427390628052	[{"name": "2-in-1 Men's Daily Face Sunscreen + Moisturizer, Broad-Spectrum SPF 30, Water-Based, Reef-Safe, 35ml", "quantity": 1, "id": 3037813440526}]
1680890429652	[{"name": "DAILY SPF", "quantity": 1, "id": 3741409280014}]
1681176854740	[{"name": "DAILY SPF", "quantity": 1, "id": 3741865050126}]
1684076822740	[{"name": "DAILY SPF \u2014 2 Pack", "quantity": 1, "id": 3747243884558}]
1685209317588	[{"name": "DAILY SPF", "quantity": 100, "id": 3749100978190}]
1685246509268	[{"name": "DAILY SPF", "quantity": 1, "id": 3749165334542}]
1686910763220	[{"name": "DAILY SPF \u2014 2 Pack", "quantity": 1, "id": 3752000552974}]
1688699797716	[{"name": "DAILY SPF", "quantity": 1, "id": 3757327319054}]
1690369687764	[{"name": "DAILY SPF", "quantity": 1, "id": 3760338632718}]
1690369851604	[{"name": "DAILY SPF", "quantity": 1, "id": 3760338829326}]
1690370146516	[{"name": "DAILY SPF", "quantity": 1, "id": 3760339419150}]
1692798124244	[{"name": "DAILY SPF", "quantity": 1, "id": 3765228896270}]
1695361564884	[{"name": "DAILY SPF \u2014 2 Pack", "quantity": 1, "id": 3770383335438}]
1697009828052	[{"name": "DAILY SPF", "quantity": 1, "id": 3773509074958}]
1697077690580	[{"name": "DAILY SPF", "quantity": 1, "id": 3773650796558}]
1700833722580	[{"name": "DAILY SPF", "quantity": 1, "id": 3781138579470}]
1700917412052	[{"name": "DAILY SPF \u2014 2 Pack", "quantity": 1, "id": 3781310480398}]
1701901336788	[{"name": "DAILY SPF", "quantity": 30, "id": 3783204536334}]
1702899417300	[{"name": "DAILY SPF", "quantity": 1, "id": 3785196732430}]
1705011544276	[{"name": "DAILY SPF", "quantity": 1, "id": 3789422493710}]
1706924474580	[{"name": "DAILY SPF \u2014 2 Pack", "quantity": 1, "id": 3793290723342}]
1707158864084	[{"name": "2-in-1 Men's Daily Face Sunscreen + Moisturizer, Broad-Spectrum SPF 30, Water-Based, Reef-Safe, 35ml", "quantity": 1, "id": 3793744232462}]
1707226005716	[{"name": "DAILY SPF", "quantity": 1, "id": 3793874190350}]
1707236819156	[{"name": "DAILY SPF", "quantity": 1, "id": 3793896931342}]
1707597594836	[{"name": "DAILY SPF \u2014 2 Pack", "quantity": 1, "id": 3794627624974}]
1709003833556	[{"name": "DAILY SPF", "quantity": 1, "id": 3797464186894}]
1709547552980	[{"name": "DAILY SPF \u2014 2 Pack", "quantity": 1, "id": 3798548021262}]
1709551714516	[{"name": "DAILY SPF \u2014 2 Pack", "quantity": 1, "id": 3798555525134}]
1709574979796	[{"name": "DAILY SPF", "quantity": 1, "id": 3798600024078}]
1709589397716	[{"name": "DAILY SPF", "quantity": 1, "id": 3798627778574}]
1709666894036	[{"name": "DAILY SPF", "quantity": 1, "id": 3798782148622}]
1709678919892	[{"name": "DAILY SPF", "quantity": 1, "id": 3798804987918}]
1709861241044	[{"name": "DAILY SPF \u2014 2 Pack", "quantity": 1, "id": 3799158980622}]
1709865337044	[{"name": "DAILY SPF \u2014 2 Pack", "quantity": 1, "id": 3799167336462}]
1709869367508	[{"name": "DAILY SPF", "quantity": 1, "id": 3799175102478}]
1709874741460	[{"name": "DAILY SPF", "quantity": 1, "id": 3799184801806}]
1709879460052	[{"name": "DAILY SPF", "quantity": 1, "id": 3799195484174}]
1709981073620	[{"name": "DAILY SPF", "quantity": 1, "id": 3799403134990}]
1709985333460	[{"name": "DAILY SPF", "quantity": 1, "id": 3799410114574}]
1710301905108	[{"name": "2-in-1 Men's Daily Face Sunscreen + Moisturizer, Broad-Spectrum SPF 30, Water-Based, Reef-Safe, 35ml", "quantity": 1, "id": 3800025563150}]
1710720549076	[{"name": "DAILY SPF", "quantity": 1, "id": 3800843747342}]
1713331765460	[{"name": "DAILY SPF", "quantity": 1, "id": 3806065164302}]
1714062590164	[{"name": "2-in-1 Men's Daily Face Sunscreen + Moisturizer, Broad-Spectrum SPF 30, Water-Based, Reef-Safe, 35ml", "quantity": 1, "id": 3807527567374}]
1714115641556	[{"name": "DAILY SPF", "quantity": 1, "id": 3807629934606}]
1714115805396	[{"name": "DAILY SPF", "quantity": 1, "id": 3807630557198}]
1717694857428	[{"name": "DAILY SPF \u2014 2 Pack", "quantity": 1, "id": 3813776293902}]
1718364405972	[{"name": "DAILY SPF \u2014 2 Pack", "quantity": 1, "id": 3814877331470}]
1718622552276	[{"name": "DAILY SPF", "quantity": 1, "id": 3815308525582}]
1718816014548	[{"name": "DAILY SPF", "quantity": 1, "id": 3815653572622}]
1719148675284	[{"name": "DAILY SPF \u2014 2 Pack", "quantity": 1, "id": 3816240644110}]
1725671833812	[{"name": "2-in-1 Men's Daily Face Sunscreen + Moisturizer, Broad-Spectrum SPF 30, Water-Based, Reef-Safe, 35ml", "quantity": 1, "id": 3827929186318}]
1727531450580	[{"name": "DAILY SPF", "quantity": 1, "id": 3831230136334}]
1727798902996	[{"name": "DAILY SPF \u2014 2 Pack", "quantity": 1, "id": 3831698980878}]
1727995379924	[{"name": "DAILY SPF", "quantity": 1, "id": 3832046714894}]
1728747438292	[{"name": "DAILY SPF", "quantity": 1, "id": 3833332629518}]
1730145714388	[{"name": "DAILY SPF \u2014 2 Pack", "quantity": 1, "id": 3835570978830}]
1778175049940	[{"name": "DAILY SPF", "quantity": 1, "id": 3955478364174}]
1778608144596	[{"name": "DAILY SPF", "quantity": 1, "id": 3956220592142}]
1778808291540	[{"name": "DAILY SPF", "quantity": 1, "id": 3956562427918}]
1790503911636	[{"name": "DAILY SPF", "quantity": 1, "id": 3990498639886}]
1791156256980	[{"name": "DAILY SPF", "quantity": 1, "id": 3991600496654}]
1792691503316	[{"name": "DAILY SPF", "quantity": 1, "id": 3994141065230}]
1793028128980	[{"name": "DAILY SPF \u2014 2 Pack", "quantity": 1, "id": 3994673348622}]
1793374552276	[{"name": "DAILY SPF \u2014 2 Pack", "quantity": 1, "id": 3995247411214}]
1799150895316	[{"name": "DAILY SPF", "quantity": 1, "id": 4009660874766}]
1799410352340	[{"name": "DAILY SPF", "quantity": 1, "id": 4010109501454}]
1799557578964	[{"name": "DAILY SPF", "quantity": 2, "id": 4010339041294}]
1804608209108	[{"name": "DAILY SPF \u2014 2 Pack", "quantity": 1, "id": 4018766512142}]
1816060690644	[{"name": "DAILY SPF", "quantity": 1, "id": 4040414822414}]
1816060854484	[{"name": "DAILY SPF", "quantity": 1, "id": 4040415019022}]
1816674631892	[{"name": "DAILY SPF", "quantity": 500, "id": 4041480929294}]
1818756350164	[{"name": "DAILY SPF", "quantity": 1, "id": 4045477347342}]
1819952382164	[{"name": "DAILY SPF", "quantity": 1, "id": 4047531507726}]
1820382363860	[{"name": "DAILY SPF \u2014 2 Pack", "quantity": 1, "id": 4048460218382}]
1821246423252	[{"name": "DAILY SPF \u2014 2 Pack", "quantity": 1, "id": 4050363940878}]
1821860430036	[{"name": "DAILY SPF", "quantity": 300, "id": 4051450101774}]
1822548558036	[{"name": "DAILY SPF", "quantity": 1, "id": 4052882161678}]
1826536685780	[{"name": "DAILY SPF", "quantity": 1, "id": 4061761044494}]
1828918526164	[{"name": "DAILY SPF", "quantity": 1, "id": 4066526298126}]
1829090066644	[{"name": "DAILY SPF", "quantity": 1, "id": 4066818064398}]
1831959527636	[{"name": "DAILY SPF", "quantity": 1, "id": 4070486605838}]
1832624324820	[{"name": "DAILY SPF \u2014 2 Pack", "quantity": 1, "id": 4071623688206}]
1837113278676	[{"name": "DAILY SPF \u2014 2 Pack", "quantity": 1, "id": 4084308934670}]
1837114589396	[{"name": "DAILY SPF", "quantity": 1, "id": 4084311556110}]
1842273157332	[{"name": "DAILY SPF", "quantity": 1, "id": 4094727192590}]
1843445498068	[{"name": "DAILY SPF", "quantity": 1, "id": 4097478459406}]
1843554287828	[{"name": "DAILY SPF \u2014 2 Pack", "quantity": 1, "id": 4097678770190}]
1844952662228	[{"name": "DAILY SPF", "quantity": 1, "id": 4100379607054}]
1844953186516	[{"name": "DAILY SPF", "quantity": 1, "id": 4100380459022}]
1847088120020	[{"name": "DAILY SPF", "quantity": 1, "id": 4104426029070}]
1851475034324	[{"name": "DAILY SPF", "quantity": 1, "id": 4112403464206}]
1858539913428	[{"name": "DAILY SPF \u2014 2 Pack", "quantity": 1, "id": 4126357258254}]
1860429643988	[{"name": "DAILY SPF", "quantity": 1, "id": 4133657772046}]
1862877216980	[{"name": "DAILY SPF", "quantity": 1, "id": 4139200970766}]
1863609024724	[{"name": "Shipping of 30 bottles", "quantity": 1, "id": 4140718227470}]
1867719966932	[{"name": "DAILY SPF", "quantity": 2, "id": 4149276082190}]
1872739401940	[{"name": "DAILY SPF", "quantity": 1, "id": 4160299008014}]
1876174536916	[{"name": "DAILY SPF", "quantity": 6, "id": 4167349698574}]
1878962241748	[{"name": "DAILY SPF", "quantity": 2, "id": 4172864815118}]
1879077486804	[{"name": "DAILY SPF \u2014 2 Pack", "quantity": 1, "id": 4173078003726}]
1879493902548	[{"name": "DAILY SPF", "quantity": 1, "id": 4173913522190}]
1881619071188	[{"name": "DAILY SPF \u2014 2 Pack", "quantity": 1, "id": 4178258788366}]
1881619300564	[{"name": "DAILY SPF \u2014 2 Pack", "quantity": 1, "id": 4178259312654}]
1884682125524	[{"name": "DAILY SPF", "quantity": 100, "id": 4183959306254}]
1888201801940	[{"name": "DAILY SPF \u2014 2 Pack", "quantity": 2, "id": 4190610423822}]
1888910016724	[{"name": "DAILY SPF", "quantity": 1, "id": 4191987073038}]
1889290158292	[{"name": "DAILY SPF", "quantity": 1, "id": 4192727072782}]
1892431855828	[{"name": "DAILY SPF", "quantity": 1, "id": 4198707462158}]
1895813152980	[{"name": "DAILY SPF", "quantity": 1, "id": 4205099450382}]
1896521859284	[{"name": "DAILY SPF \u2014 2 Pack", "quantity": 1, "id": 4206472364046}]
1900022038740	[{"name": "DAILY SPF", "quantity": 1, "id": 4212612169742}]
1900022202580	[{"name": "DAILY SPF", "quantity": 1, "id": 4212612431886}]
1902210449620	[{"name": "DAILY SPF", "quantity": 1, "id": 4216410308622}]
1902890844372	[{"name": "DAILY SPF", "quantity": 1, "id": 4217618333710}]
1903835087060	[{"name": "DAILY SPF", "quantity": 1, "id": 4219304640526}]
1906163351764	[{"name": "DAILY SPF", "quantity": 1, "id": 4223395037198}]
1906576589012	[{"name": "DAILY SPF", "quantity": 1, "id": 4224077168654}]
1908453572820	[{"name": "DAILY SPF \u2014 2 Pack", "quantity": 1, "id": 4227391291406}]
1908949549268	[{"name": "DAILY SPF", "quantity": 1, "id": 4228247191566}]
1912034492628	[{"name": "DAILY SPF", "quantity": 1, "id": 4233681895438}]
1914400243924	[{"name": "DAILY SPF", "quantity": 1, "id": 4238049083406}]
1915240579284	[{"name": "The Gift SetPre-Order", "quantity": 1, "id": 4239609561102}]
1915413790932	[{"name": "The Gift SetPre-Order", "quantity": 1, "id": 4239936290830}]
1915561607380	[{"name": "The Gift SetPre-Order", "quantity": 4, "id": 4240214654990}]
1915681734868	[{"name": "The Gift SetPre-Order", "quantity": 1, "id": 4240441737230}]
1916250685652	[{"name": "The Gift SetPre-Order", "quantity": 4, "id": 4241531338766}]
1916355576020	[{"name": "The Gift SetPre-Order", "quantity": 10, "id": 4241727881230}]
1916599337172	[{"name": "The Gift SetPre-Order", "quantity": 2, "id": 4242189877262}]
1917367648468	[{"name": "DAILY SPF \u2014 2 Pack", "quantity": 1, "id": 4243628425230}]
1918556733652	[{"name": "The Gift SetPre-Order", "quantity": 1, "id": 4246775005198}]
1918604443860	[{"name": "The Gift SetPre-Order", "quantity": 1, "id": 4246919610382}]
1919060312276	[{"name": "DAILY SPF", "quantity": 1, "id": 4248188715022}]
1920011337940	[{"name": "The Gift SetPre-Order", "quantity": 1, "id": 4250636419086}]
1920939983060	[{"name": "DAILY SPF", "quantity": 1, "id": 4253341876238}]
1921036812500	[{"name": "The Gift SetPre-Order", "quantity": 15, "id": 4253623877646}]
1922438889684	[{"name": "DAILY SPF \u2014 2 Pack", "quantity": 1, "id": 4256828817422}]
1923195732180	[{"name": "The Gift SetPre-Order", "quantity": 2, "id": 4258443591694}]
1923211100372	[{"name": "The Gift SetPre-Order", "quantity": 1, "id": 4258476720142}]
1923653894356	[{"name": "The Gift SetPre-Order", "quantity": 1, "id": 4259413524494}]
1925129568468	[{"name": "DAILY SPF", "quantity": 1, "id": 4262505971726}]
1927430045908	[{"name": "DAILY SPF \u2014 2 Pack", "quantity": 1, "id": 4267203493902}]
1927634714836	[{"name": "DAILY SPF", "quantity": 1, "id": 4267627741198}]
1928287224020	[{"name": "The Gift SetPre-Order", "quantity": 1, "id": 4269008814094}]
1928931082452	[{"name": "DAILY SPF", "quantity": 1, "id": 4270189051918}]
1929717514452	[{"name": "DAILY SPF \u2014 2 Pack", "quantity": 1, "id": 4271694381070}]
1930259988692	[{"name": "DAILY SPF", "quantity": 1, "id": 4272761634830}]
1930338533588	[{"name": "DAILY SPF \u2014 2 Pack", "quantity": 1, "id": 4272915939342}]
1931064541396	[{"name": "The Gift SetPre-Order", "quantity": 1, "id": 4274329354254}]
1931788255444	[{"name": "DAILY SPF", "quantity": 1, "id": 4275706069006}]
1933438189780	[{"name": "DAILY SPF \u2014 2 Pack", "quantity": 1, "id": 4278678323214}]
1933955334356	[{"name": "The Gift SetPre-Order", "quantity": 1, "id": 4279640686606}]
1935392604372	[{"name": "DAILY SPF \u2014 2 Pack", "quantity": 1, "id": 4282468040718}]
1936443310292	[{"name": "The Gift SetPre-Order", "quantity": 1, "id": 4284761112590}]
1938817089748	[{"name": "The Gift SetPre-Order", "quantity": 1, "id": 4289331036174}]
1938892816596	[{"name": "The Gift SetPre-Order", "quantity": 1, "id": 4289475706894}]
1939139690708	[{"name": "The Gift SetPre-Order", "quantity": 1, "id": 4289951334414}]
1939382206676	[{"name": "DAILY SPF", "quantity": 1, "id": 4290417491982}]
1941199651028	[{"name": "The Gift SetPre-Order", "quantity": 1, "id": 4293939429390}]
1941403566292	[{"name": "The Gift SetPre-Order", "quantity": 2, "id": 4294351880206}]
1941496299732	[{"name": "The Gift SetPre-Order", "quantity": 1, "id": 4294541213710}]
1942773366996	[{"name": "The Gift SetPre-Order", "quantity": 1, "id": 4297215049742}]
1943139156180	[{"name": "The Gift SetPre-Order", "quantity": 1, "id": 4297839738894}]
1943296114900	[{"name": "DAILY SPF \u2014 2 Pack", "quantity": 1, "id": 4298094379022}]
1945294471380	[{"name": "The Gift SetPre-Order", "quantity": 1, "id": 4301642563598}]
1947274674388	[{"name": "The Gift SetPre-Order", "quantity": 2, "id": 4305061117966}]
1948531622100	[{"name": "The Gift SetPre-Order", "quantity": 1, "id": 4307200737294}]
1948685664468	[{"name": "The Gift SetPre-Order", "quantity": 1, "id": 4307456622606}]
1951353471188	[{"name": "The Gift SetPre-Order", "quantity": 1, "id": 4312024743950}]
1951909904596	[{"name": "DAILY SPF", "quantity": 1, "id": 4312944967694}]
1953771028692	[{"name": "DAILY SPF \u2014 2 Pack", "quantity": 1, "id": 4316349759502}]
1953889845460	[{"name": "DAILY SPF", "quantity": 1, "id": 4316581003278}]
1954197864660	[{"name": "The Gift Set", "quantity": 1, "id": 4317189013518}]
1955092791508	[{"name": "DAILY SPF \u2014 2 Pack", "quantity": 1, "id": 4318957731854}]
1955093381332	[{"name": "DAILY SPF \u2014 2 Pack", "quantity": 1, "id": 4318958714894}]
1955275178196	[{"name": "DAILY SPF", "quantity": 1, "id": 4319303696398}]
1956408885460	[{"name": "The Gift Set", "quantity": 1, "id": 4321528741902}]
1957307056340	[{"name": "The Gift Set", "quantity": 1, "id": 4323323117582}]
1959562805460	[{"name": "The Gift Set", "quantity": 1, "id": 4327790903310}]
1961220473044	[{"name": "The Gift Set", "quantity": 1, "id": 4331070881806}]
1961237086420	[{"name": "The Gift Set", "quantity": 1, "id": 4331104567310}]
1961259237588	[{"name": "The Gift Set", "quantity": 1, "id": 4331148607502}]
1961303736532	[{"name": "The Gift Set", "quantity": 2, "id": 4331239440398}]
1961561751764	[{"name": "The Gift Set", "quantity": 1, "id": 4331771920398}]
1962510713044	[{"name": "Gift Subscription:25% Off 6 SPF Bottles", "quantity": 1, "id": 4333766115342}]
1962510942420	[{"name": "DAILY SPF", "quantity": 1, "id": 4333766344718}]
1964770951380	[{"name": "The Gift Set", "quantity": 1, "id": 4338204278798}]
1966595440852	[{"name": "DAILY SPF", "quantity": 1, "id": 4342008938510}]
1966751908052	[{"name": "The Gift Set", "quantity": 1, "id": 4342324166670}]
1967345500372	[{"name": "The Gift Set", "quantity": 1, "id": 4343492608014}]
1967690285268	[{"name": "The Gift Set", "quantity": 1, "id": 4344170512398}]
1967769256148	[{"name": "The Gift Set", "quantity": 1, "id": 4344312168462}]
1967775416532	[{"name": "The Gift Set", "quantity": 1, "id": 4344323112974}]
1967811002580	[{"name": "The Gift Set", "quantity": 1, "id": 4344390451214}]
1967917826260	[{"name": "The Gift Set", "quantity": 1, "id": 4344600199182}]
1971226443988	[{"name": "The Gift Set", "quantity": 2, "id": 4351359057934}]
1972235305172	[{"name": "The Gift Set", "quantity": 1, "id": 4353382318094}]
1972295794900	[{"name": "The Gift Set", "quantity": 1, "id": 4353496842254}]
1973056766164	[{"name": "The Gift Set", "quantity": 4, "id": 4355030417422}]
1973101068500	[{"name": "The Gift Set", "quantity": 2, "id": 4355124592654}]
1974040690900	[{"name": "DAILY SPF \u2014 2 Pack", "quantity": 1, "id": 4357050728462}]
1974987817172	[{"name": "The Gift Set", "quantity": 1, "id": 4359026081806}]
1975342006484	[{"name": "The Gift Set", "quantity": 1, "id": 4359724433422}]
1978844020948	[{"name": "DAILY SPF", "quantity": 1, "id": 4366756577294}]
1985693319380	[{"name": "The Gift Set", "quantity": 1, "id": 4380197388302}]
1986631827668	[{"name": "DAILY SPF", "quantity": 1, "id": 4382071717902}]
1987605332180	[{"name": "The Gift Set", "quantity": 1, "id": 4383907315726}]
1988502749396	[{"name": "The Gift Set", "quantity": 1, "id": 4385478705166}]
1988657545428	[{"name": "The Gift Set", "quantity": 1, "id": 4385754742798}]
1988734615764	[{"name": "The Limited Edition Gift Set", "quantity": 1, "id": 4385908326414}]
1988764795092	[{"name": "The Gift Set", "quantity": 1, "id": 4385965932558}]
1988768530644	[{"name": "The Gift Set", "quantity": 1, "id": 4385974059022}]
1989286232276	[{"name": "The Gift Set", "quantity": 1, "id": 4386975154190}]
1989556175060	[{"name": "DAILY SPF", "quantity": 1, "id": 4387517693966}]
1990395822292	[{"name": "DAILY SPF", "quantity": 1, "id": 4389179162638}]
1991240450260	[{"name": "The Gift Set", "quantity": 2, "id": 4390740230158}]
1992469709012	[{"name": "The Gift Set", "quantity": 1, "id": 4393073016846}]
1993433022676	[{"name": "The Gift Set", "quantity": 1, "id": 4394925588494}]
1993437577428	[{"name": "The Gift Set", "quantity": 1, "id": 4394934206478}]
1994310189268	[{"name": "DAILY SPF", "quantity": 1, "id": 4396659965966}]
1994346889428	[{"name": "The Gift Set", "quantity": 1, "id": 4396727402510}]
1995282579668	[{"name": "The Gift Set", "quantity": 1, "id": 4398538719246}]
1995476238548	[{"name": "The Gift Set", "quantity": 1, "id": 4398915354638}]
1996762153172	[{"name": "The Gift Set", "quantity": 1, "id": 4401241686030}]
1997374095572	[{"name": "DAILY SPF", "quantity": 1, "id": 4402247368718}]
1997439893716	[{"name": "The Gift Set", "quantity": 3, "id": 4402354978830}]
1997666615508	[{"name": "The Gift Set", "quantity": 1, "id": 4402737217550}]
2000924410068	[{"name": "The Gift Set", "quantity": 1, "id": 4408611078158}]
2001314906324	[{"name": "The Gift Set", "quantity": 1, "id": 4409386631182}]
2001611129044	[{"name": "The Gift Set", "quantity": 1, "id": 4409993429006}]
2003087360212	[{"name": "DAILY SPF", "quantity": 1, "id": 4413004447758}]
2003135037652	[{"name": "The Gift Set", "quantity": 2, "id": 4413094264846}]
2007149412564	[{"name": "The Gift Set", "quantity": 1, "id": 4421342625806}]
2007152132308	[{"name": "The Gift Set", "quantity": 1, "id": 4421347770382}]
2007175069908	[{"name": "The Gift Set", "quantity": 1, "id": 4421398102030}]
2007236280532	[{"name": "The Gift Set", "quantity": 1, "id": 4421529010190}]
2007476830420	[{"name": "DAILY SPF", "quantity": 1, "id": 4422038585358}]
2007532142804	[{"name": "The Gift Set", "quantity": 1, "id": 4422158974990}]
2007533060308	[{"name": "DAILY SPF", "quantity": 1, "id": 4422160482318}]
2007703945428	[{"name": "DAILY SPF", "quantity": 1, "id": 4422528794638}]
2009207636180	[{"name": "DAILY SPF", "quantity": 1, "id": 4425676488718}]
2009207832788	[{"name": "DAILY SPF", "quantity": 1, "id": 4425676849166}]
2009648595156	[{"name": "DAILY SPF", "quantity": 1, "id": 4426417078286}]
2009870270676	[{"name": "DAILY SPF", "quantity": 1, "id": 4426794729486}]
2009874628820	[{"name": "DAILY SPF", "quantity": 1, "id": 4426802135054}]
2012061630676	[{"name": "DAILY SPF", "quantity": 1, "id": 4430505902094}]
2013940941012	[{"name": "DAILY SPF", "quantity": 1, "id": 4433650745358}]
2017782825172	[{"name": "DAILY SPF", "quantity": 1, "id": 4440761073678}]
2022940475604	[{"name": "The Limited Edition Gift Set", "quantity": 12, "id": 4449895251982}]
2024300609748	[{"name": "The Limited Edition Gift Set", "quantity": 4, "id": 4452347772942}, {"name": "The Gift Set", "quantity": 6, "id": 4452421632014}]
2026228089044	[{"name": "The Gift Set", "quantity": 2, "id": 4455754727438}, {"name": "DAILY SPF", "quantity": 1, "id": 4455754760206}, {"name": "DAILY SPF \u2014 2 Pack", "quantity": 1, "id": 4455754792974}]
2028873482452	[{"name": "DAILY SPF", "quantity": 1, "id": 4460339560462}]
2029545816276	[{"name": "DAILY SPF", "quantity": 1, "id": 4461465698318}]
2039303864532	[{"name": "DAILY SPF \u2014 2 Pack", "quantity": 1, "id": 4477960552462}]
2042595573972	[{"name": "DAILY SPF", "quantity": 1, "id": 4484410507278}]
2043713028308	[{"name": "3-in-1 Hydro Boost Gel Moisturizer", "quantity": 150, "id": 4486714359822}, {"name": "Purifying Clay Cleanser", "quantity": 150, "id": 4486714392590}]
2043714765012	[{"name": "Quarterly Box", "quantity": 1, "id": 4486716882958}]
2045123887316	[{"name": "Purifying Clay Cleanser", "quantity": 150, "id": 4489008152590}, {"name": "3-in-1 Hydro Boost Gel Moisturizer", "quantity": 150, "id": 4489008185358}]
2045982310612	[{"name": "DAILY SPF", "quantity": 1, "id": 4490421043214}]
2047024529620	[{"name": "DAILY SPF \u2014 2 Pack", "quantity": 1, "id": 4492107808782}]
2049920827604	[{"name": "DAILY SPF", "quantity": 1, "id": 4496984309774}]
2054179717332	[{"name": "DAILY SPF \u2014 2 Pack Auto renew (Ships every 4 Months)", "quantity": 1, "id": 4504145395726}]
2054967328980	[{"name": "Quarterly Box (Save 35%) Auto renew (Ships every 3 Months)", "quantity": 1, "id": 4505423085582}]
2056017051860	[{"name": "Quarterly Box (35% off first order, 20% off after) (Ships every 3 Months)", "quantity": 1, "id": 4507166638094}]
2056138227924	[{"name": "Purifying Clay Cleanser", "quantity": 2, "id": 4507375534094}]
2056249245908	[{"name": "Quarterly Box (35% off first order, 20% off after) (Ships every 3 Months)", "quantity": 1, "id": 4507559034894}]
2056415150292	[{"name": "Quarterly Box (35% off first order, 20% off after) (Ships every 3 Months)", "quantity": 1, "id": 4507840708622}]
2057011101908	[{"name": "Quarterly Box (35% off first order, 20% off after) (Ships every 3 Months)", "quantity": 1, "id": 4508877225998}]
2057080963284	[{"name": "Quarterly Box (35% off first order, 20% off after) (Ships every 3 Months)", "quantity": 1, "id": 4508991750158}]
2057217016020	[{"name": "DAILY SPF", "quantity": 1, "id": 4509217554446}]
2057913204948	[{"name": "Quarterly Box (35% off first order, 20% off after) (Ships every 3 Months)", "quantity": 1, "id": 4510318821390}]
2061110051028	[{"name": "Purifying Clay Cleanser", "quantity": 1, "id": 4515644309518}]
2061648298196	[{"name": "Quarterly Box (35% off first order, 20% off after) (Ships every 3 Months)", "quantity": 1, "id": 4516517445646}]
2062742520020	[{"name": "Daily SPF + Moisturizer Subscription (10.00% Off) (Ships every 2 Months)", "quantity": 1, "id": 4518414647310}]
2062978941140	[{"name": "3-in-1 Hydro Boost Gel Moisturizer", "quantity": 1, "id": 4518817005582}, {"name": "Purifying Clay Cleanser", "quantity": 1, "id": 4518817038350}]
2063029862612	[{"name": "Quarterly Box (35% off first order, 20% off after) (Ships every 3 Months)", "quantity": 1, "id": 4518900203534}]
2063933046996	[{"name": "Quarterly Box (35% off first order, 20% off after) (Ships every 3 Months)", "quantity": 1, "id": 4520379940878}]
2064649486548	[{"name": "3-in-1 Hydro Boost Gel Moisturizer", "quantity": 1, "id": 4521612902414}, {"name": "Purifying Clay Cleanser", "quantity": 1, "id": 4521612935182}, {"name": "Daily SPF + Moisturizer", "quantity": 1, "id": 4521612967950}]
2065220272340	[{"name": "DAILY SPF \u2014 2 Pack", "quantity": 1, "id": 4522586636302}]
2066052284628	[{"name": "Purifying Clay Cleanser", "quantity": 1, "id": 4524021940238}]
2066244501716	[{"name": "Daily SPF + Moisturizer", "quantity": 1, "id": 4524348080142}]
2066552258772	[{"name": "3-in-1 Hydro Boost Gel Moisturizer", "quantity": 1, "id": 4524890128398}, {"name": "Purifying Clay Cleanser", "quantity": 1, "id": 4524890193934}, {"name": "Daily SPF + Moisturizer", "quantity": 2, "id": 4524890226702}]
2066792186068	[{"name": "Quarterly Box (35% off first order, 20% off after) (Ships every 3 Months)", "quantity": 1, "id": 4525302185998}]
2067149816020	[{"name": "DAILY SPF \u2014 2 Pack", "quantity": 1, "id": 4525904101390}]
2067683934420	[{"name": "Quarterly Box (35% off first order, 20% off after) (Ships every 3 Months)", "quantity": 1, "id": 4526791753742}]
2068044415188	[{"name": "Daily SPF + Moisturizer", "quantity": 1, "id": 4527420178446}]
2069337833684	[{"name": "DAILY SPF", "quantity": 1, "id": 4529615339534}]
2069616525524	[{"name": "Quarterly Box (35% off first order, 20% off after) (Ships every 3 Months)", "quantity": 1, "id": 4530039652366}]
2070423863508	[{"name": "Purifying Clay Cleanser", "quantity": 1, "id": 4531410370574}]
2071426203860	[{"name": "DAILY SPF", "quantity": 1, "id": 4533083045902}]
2071442620628	[{"name": "3-in-1 Hydro Boost Gel Moisturizer Subscription (10.00% Off) (Ships every 3 Months)", "quantity": 1, "id": 4533108899854}, {"name": "Purifying Clay Cleanser Subscription (10.00% Off) (Ships every 3 Months)", "quantity": 1, "id": 4533108932622}, {"name": "Daily SPF + Moisturizer", "quantity": 1, "id": 4533108965390}]
2072121671892	[{"name": "3-in-1 Hydro Boost Gel Moisturizer", "quantity": 50, "id": 4534242279438}, {"name": "Daily SPF + Moisturizer", "quantity": 50, "id": 4534242312206}, {"name": "Purifying Clay Cleanser", "quantity": 50, "id": 4534242344974}]
2072919965908	[{"name": "Quarterly Box (35% off first order, 20% off after) (Ships every 3 Months)", "quantity": 1, "id": 4535647404046}]
2073351291092	[{"name": "DAILY SPF \u2014 2 Pack", "quantity": 1, "id": 4536360534030}]
2073363972308	[{"name": "Quarterly Box (35% off first order, 20% off after) (Ships every 3 Months)", "quantity": 1, "id": 4536380063758}]
2073702006996	[{"name": "Quarterly Box", "quantity": 1, "id": 4536940527630}]
2073817874644	[{"name": "Quarterly Box (35% off first order, 20% off after) (Ships every 3 Months)", "quantity": 1, "id": 4537142050830}]
2074295533780	[{"name": "Quarterly Box (35% off first order, 20% off after) (Ships every 3 Months)", "quantity": 1, "id": 4537970196494}]
2074581795028	[{"name": "Daily SPF + Moisturizer", "quantity": 2, "id": 4538465615886}]
2074602864852	[{"name": "Quarterly Box (35% off first order, 20% off after) (Ships every 3 Months)", "quantity": 1, "id": 4538504937486}]
2074877362388	[{"name": "Purifying Clay Cleanser", "quantity": 1, "id": 4538968801294}]
2074957086932	[{"name": "Daily SPF + Moisturizer", "quantity": 1, "id": 4539109408782}]
2075075805396	[{"name": "Purifying Clay Cleanser Subscription (10.00% Off) (Ships every 3 Months)", "quantity": 1, "id": 4539317288974}]
2075293024468	[{"name": "DAILY SPF", "quantity": 1, "id": 4539676885006}]
2076874866900	[{"name": "3-in-1 Hydro Boost Gel Moisturizer", "quantity": 1, "id": 4542415929358}]
2077847879892	[{"name": "Quarterly Box", "quantity": 1, "id": 4544083623950}]
2079069896916	[{"name": "Quarterly Box (Save 20%) Auto renew", "quantity": 1, "id": 4546208038926}]
2079536873684	[{"name": "Quarterly Box (35% off first order, 20% off after) (Ships every 3 Months)", "quantity": 1, "id": 4547023994894}]
2080791822548	[{"name": "Daily SPF + Moisturizer", "quantity": 1, "id": 4549233573902}]
2081503707348	[{"name": "Purifying Clay Cleanser", "quantity": 1, "id": 4550449889294}]
2082349220052	[{"name": "Quarterly Box (35% off first order, 20% off after) (Ships every 3 Months)", "quantity": 1, "id": 4551886209038}]
2082493792468	[{"name": "Quarterly Box (35% off first order, 20% off after) (Ships every 3 Months)", "quantity": 1, "id": 4552125022222}]
2082549268692	[{"name": "Daily SPF + Moisturizer", "quantity": 1, "id": 4552217133070}]
2082795126996	[{"name": "Quarterly Box (35% off first order, 20% off after) (Ships every 3 Months)", "quantity": 1, "id": 4552617951246}]
2083604627668	[{"name": "Daily SPF + Moisturizer", "quantity": 1, "id": 4554239737870}]
2083890102484	[{"name": "Quarterly Box (35% off first order, 20% off after) (Ships every 3 Months)", "quantity": 1, "id": 4554753736718}]
2084657397972	[{"name": "Daily SPF + Moisturizer", "quantity": 1, "id": 4556095291406}]
2085090263252	[{"name": "DAILY SPF \u2014 2 Pack", "quantity": 1, "id": 4556827230222}]
2086556860628	[{"name": "Quarterly Box (35% off first order, 20% off after) (Ships every 3 Months)", "quantity": 1, "id": 4559634104334}]
2086602997972	[{"name": "Quarterly Box (35% off first order, 20% off after) (Ships every 3 Months)", "quantity": 1, "id": 4559713009678}]
2086627410132	[{"name": "Purifying Clay Cleanser", "quantity": 1, "id": 4559755018254}]
2086929465556	[{"name": "Quarterly Box (35% off first order, 20% off after) (Ships every 3 months)", "quantity": 1, "id": 4560262758414}]
2087130595540	[{"name": "DAILY SPF \u2014 2 Pack", "quantity": 1, "id": 4560596893710}]
2088885584084	[{"name": "Purifying Clay Cleanser", "quantity": 1, "id": 4563633537038}]
2089381560532	[{"name": "Purifying Clay Cleanser", "quantity": 1, "id": 4564469219342}]
2089862267092	[{"name": "Quarterly Box (35% off first order, 20% off after) (Ships every 3 Months)", "quantity": 1, "id": 4565317320718}]
2090388390100	[{"name": "Daily SPF + Moisturizer", "quantity": 1, "id": 4566261104654}]
2091069669588	[{"name": "The Gift Set (Sold Out)", "quantity": 68, "id": 4567440490510}]
2091240358100	[{"name": "DAILY SPF", "quantity": 1, "id": 4567697784846}]
2092681527508	[{"name": "Quarterly Box (35% off first order, 20% off after) (Ships every 3 Months)", "quantity": 1, "id": 4570167705614}]
2093314900180	[{"name": "DAILY SPF \u2014 2 Pack", "quantity": 1, "id": 4571254718478}]
2093315031252	[{"name": "DAILY SPF", "quantity": 1, "id": 4571254947854}]
2094060110036	[{"name": "Quarterly Box (35% off first order, 20% off after) (Ships every 3 months)", "quantity": 1, "id": 4572542795790}]
2094418690260	[{"name": "3-in-1 Hydro Boost Gel Moisturizer", "quantity": 1, "id": 4573185409038}]
2094837530836	[{"name": "Quarterly Box (35% off first order, 20% off after) (Ships every 3 Months)", "quantity": 1, "id": 4573925769230}]
2095003238612	[{"name": "Quarterly Box (35% off first order, 20% off after) (Ships every 3 Months)", "quantity": 1, "id": 4574215503886}]
2095255027924	[{"name": "DAILY SPF", "quantity": 1, "id": 4574651580430}]
2095255421140	[{"name": "DAILY SPF", "quantity": 1, "id": 4574652137486}]
2095255584980	[{"name": "DAILY SPF \u2014 2 Pack", "quantity": 1, "id": 4574652301326}]
2095255814356	[{"name": "DAILY SPF", "quantity": 1, "id": 4574652956686}]
2095850422484	[{"name": "Daily SPF + Moisturizer", "quantity": 2, "id": 4575675711502}]
2095868969172	[{"name": "Daily SPF + Moisturizer Subscription (10.00% Off) (Ships every 2 Months)", "quantity": 1, "id": 4575704743950}]
2095942566100	[{"name": "Quarterly Box (35% off first order, 20% off after) (Ships every 3 months)", "quantity": 1, "id": 4575825985550}]
2096464494804	[{"name": "Quarterly Box (35% off first order, 20% off after) (Ships every 3 Months)", "quantity": 1, "id": 4576766951438}]
2096696590548	[{"name": "Quarterly Box (35% off first order, 20% off after) (Ships every 3 Months)", "quantity": 1, "id": 4577167114254}]
2098611126484	[{"name": "3-in-1 Hydro Boost Gel Moisturizer", "quantity": 1, "id": 4580720377870}]
2099181879508	[{"name": "3-in-1 Hydro Boost Gel Moisturizer", "quantity": 1, "id": 4581701451790}]
2101393359060	[{"name": "Quarterly Box", "quantity": 1, "id": 4585649373198}]
2101473476820	[{"name": "Daily SPF + Moisturizer", "quantity": 1, "id": 4585784573966}]
2102183035092	[{"name": "Daily SPF + Moisturizer", "quantity": 1, "id": 4587014684686}]
2102240149716	[{"name": "Quarterly Box", "quantity": 1, "id": 4587117412366}]
2102309093588	[{"name": "Quarterly Box", "quantity": 1, "id": 4587236589582}]
2102699032788	[{"name": "Daily SPF + Moisturizer", "quantity": 1, "id": 4587928322062}]
2102784884948	[{"name": "Daily SPF + Moisturizer", "quantity": 1, "id": 4588083707918}]
2103036477652	[{"name": "Quarterly Box (35% off first order, 20% off after) (Ships every 3 Months)", "quantity": 1, "id": 4588533678094}]
2103577837780	[{"name": "Quarterly Box", "quantity": 1, "id": 4589460520974}]
2104048058580	[{"name": "Quarterly Box (35% off first order, 20% off after) (Ships every 3 Months)", "quantity": 1, "id": 4590243610638}]
2105355632852	[{"name": "3-in-1 Hydro Boost Gel Moisturizer", "quantity": 1, "id": 4592494084110}, {"name": "Daily SPF + Moisturizer", "quantity": 1, "id": 4592494116878}, {"name": "Purifying Clay Cleanser", "quantity": 1, "id": 4592494149646}]
2105555878100	[{"name": "DAILY SPF", "quantity": 1, "id": 4592824483854}]
2106987970772	[{"name": "Daily SPF + Moisturizer", "quantity": 1, "id": 4595264094222}]
2107099414740	[{"name": "Daily SPF + Moisturizer", "quantity": 8, "id": 4595451002894}, {"name": "Purifying Clay Cleanser", "quantity": 8, "id": 4595451035662}, {"name": "3-in-1 Hydro Boost Gel Moisturizer", "quantity": 8, "id": 4595451068430}]
2108798238932	[{"name": "Purifying Clay Cleanser", "quantity": 1, "id": 4598420766734}]
2108965847252	[{"name": "Daily SPF + Moisturizer", "quantity": 1, "id": 4598705946638}, {"name": "3-in-1 Hydro Boost Gel Moisturizer", "quantity": 1, "id": 4598705979406}]
2110443684052	[{"name": "Quarterly Box (35% off first order, 20% off after) (Ships every 3 Months)", "quantity": 1, "id": 4601276563470}]
2110661263572	[{"name": "Quarterly Box (35% off first order, 20% off after) (Ships every 3 Months)", "quantity": 1, "id": 4601652903950}]
2111507038420	[{"name": "DAILY SPF", "quantity": 1, "id": 4603110522894}]
2111891505364	[{"name": "Daily SPF + Moisturizer", "quantity": 1, "id": 4603743469582}]
2112973832404	[{"name": "Quarterly Box (35% off first order, 20% off after) (Ships every 3 Months)", "quantity": 1, "id": 4605714563086}]
2114134868180	[{"name": "DAILY SPF \u2014 2 Pack", "quantity": 1, "id": 4608140574734}]
2114135261396	[{"name": "DAILY SPF", "quantity": 1, "id": 4608141983758}]
2114579333332	[{"name": "Quarterly Box (35% off first order, 20% off after) (Ships every 3 Months)", "quantity": 1, "id": 4609141833742}]
2114667905236	[{"name": "Quarterly Box (35% off first order, 20% off after) (Ships every 3 Months)", "quantity": 1, "id": 4609333100558}]
2115542221012	[{"name": "Quarterly Box (35% off first order, 20% off after) (Ships every 3 Months)", "quantity": 1, "id": 4611134619662}]
2116768497876	[{"name": "DAILY SPF", "quantity": 1, "id": 4613687214094}]
2117684592852	[{"name": "3-in-1 Hydro Boost Gel Moisturizer", "quantity": 1, "id": 4615682654222}, {"name": "Purifying Clay Cleanser", "quantity": 1, "id": 4615682686990}]
2118824558804	[{"name": "3-in-1 Hydro Boost Gel Moisturizer", "quantity": 200, "id": 4618033889294}, {"name": "Purifying Clay Cleanser", "quantity": 200, "id": 4618033922062}]
2119052427476	[{"name": "3-in-1 Hydro Boost Gel Moisturizer", "quantity": 1, "id": 4618512138254}, {"name": "Daily SPF + Moisturizer", "quantity": 1, "id": 4618512171022}]
2121152987348	[{"name": "Quarterly Box", "quantity": 1, "id": 4622994735118}]
2121426469076	[{"name": "Daily SPF + Moisturizer Subscription (10.00% Off) (Ships every 2 Months)", "quantity": 1, "id": 4623586918414}]
2121956425940	[{"name": "DAILY SPF \u2014 2 Pack", "quantity": 1, "id": 4624631595022}]
2121957114068	[{"name": "DAILY SPF \u2014 2 Pack", "quantity": 1, "id": 4624632578062}]
2122242130132	[{"name": "Quarterly Box", "quantity": 1, "id": 4625011179534}]
2122497196244	[{"name": "Quarterly Box", "quantity": 1, "id": 4625474387982}]
2122978754772	[{"name": "Quarterly Box (35% off first order, 20% off after) (Ships every 3 Months)", "quantity": 1, "id": 4626487443470}]
2124812320980	[{"name": "Purifying Clay Cleanser Subscription (10.00% Off) (Ships every 3 Months)", "quantity": 1, "id": 4630526197774}]
2124986908884	[{"name": "Quarterly Box", "quantity": 1, "id": 4630909059086}]
2125000671444	[{"name": "Quarterly Box", "quantity": 1, "id": 4630938550286}]
2125379829972	[{"name": "Daily SPF + Moisturizer", "quantity": 1, "id": 4631746740238}]
2125566673108	[{"name": "Purifying Clay Cleanser", "quantity": 1, "id": 4632145952782}]
2125867024596	[{"name": "3-in-1 Hydro Boost Gel Moisturizer", "quantity": 1, "id": 4632751407118}]
2126902264020	[{"name": "DAILY SPF", "quantity": 1, "id": 4634933755918}]
2129033134292	[{"name": "Quarterly Box (35% off first order, 20% off after) (Ships every 3 Months)", "quantity": 1, "id": 4639282855950}]
2129394172116	[{"name": "Quarterly Box (35% off first order, 20% off after) (Ships every 3 months)", "quantity": 1, "id": 4639978913806}]
2129693376724	[{"name": "Product @ HQ", "quantity": 1, "id": 4640448217102}]
2129697833172	[{"name": "Product @ HQ", "quantity": 1, "id": 4640455032846}]
2129944051924	[{"name": "Product @ HQ", "quantity": 1, "id": 4640894713870}]
2130099929300	[{"name": "Daily SPF + Moisturizer", "quantity": 1, "id": 4641178779662}]
2130183553236	[{"name": "3-in-1 Hydro Boost Gel Moisturizer", "quantity": 1, "id": 4641326170126}]
2131111280852	[{"name": "3-in-1 Hydro Boost Gel Moisturizer", "quantity": 1, "id": 4642954248206}]
2132756562132	[{"name": "Quarterly Box", "quantity": 1, "id": 4645777997838}]
2133106196692	[{"name": "Quarterly Box (35% off first order, 20% off after) (Ships every 3 months)", "quantity": 1, "id": 4646368116750}]
2135052452052	[{"name": "Daily SPF + Moisturizer", "quantity": 1, "id": 4649902899214}]
2135281533140	[{"name": "Quarterly Box", "quantity": 1, "id": 4650285531150}]
2136257560788	[{"name": "3-in-1 Hydro Boost Gel Moisturizer", "quantity": 1, "id": 4652065619982}, {"name": "Daily SPF + Moisturizer", "quantity": 1, "id": 4652065652750}, {"name": "Purifying Clay Cleanser", "quantity": 1, "id": 4652065685518}]
2136530288852	[{"name": "Daily SPF + Moisturizer", "quantity": 1, "id": 4652567035918}]
2136537891028	[{"name": "Quarterly Box (35% off first order, 20% off after) (Ships every 3 Months)", "quantity": 1, "id": 4652580569102}]
2136593334484	[{"name": "Daily SPF + Moisturizer", "quantity": 1, "id": 4652679823374}]
2136812617940	[{"name": "Daily SPF + Moisturizer", "quantity": 1, "id": 4653071040526}]
2136934416596	[{"name": "DAILY SPF", "quantity": 1, "id": 4653286850574}]
2136934711508	[{"name": "DAILY SPF", "quantity": 1, "id": 4653287178254}]
2136935301332	[{"name": "DAILY SPF", "quantity": 1, "id": 4653288292366}]
2137403556052	[{"name": "Quarterly Box (35% off first order, 20% off after) (Ships every 3 Months)", "quantity": 1, "id": 4654123122702}]
2137414009044	[{"name": "Quarterly Box (35% off first order, 20% off after) (Ships every 3 Months)", "quantity": 1, "id": 4654142259214}]
2137540690132	[{"name": "Daily SPF + Moisturizer", "quantity": 1, "id": 4654385332238}]
2137904971988	[{"name": "The Gift Set (Sold Out)", "quantity": 1, "id": 4655040725006}]
2138167312596	[{"name": "Quarterly Box (35% off first order, 20% off after) (Ships every 3 Months)", "quantity": 1, "id": 4655541452814}]
2138265321684	[{"name": "Daily SPF + Moisturizer", "quantity": 1, "id": 4655727935502}]
2138449248468	[{"name": "Quarterly Box (35% off first order, 20% off after) (Ships every 3 Months)", "quantity": 1, "id": 4656062988302}]
2139543109844	[{"name": "Daily SPF + Moisturizer Subscription (10.00% Off) (Ships every 2 Months)", "quantity": 1, "id": 4658006753294}]
2139691745492	[{"name": "Quarterly Box", "quantity": 1, "id": 4658276696078}]
2140118614228	[{"name": "Daily SPF + Moisturizer", "quantity": 1, "id": 4659117424654}]
2141315727572	[{"name": "Quarterly Box (35% off first order, 20% off after) (Ships every 3 Months)", "quantity": 1, "id": 4661345157134}]
2141616308436	[{"name": "3-in-1 Hydro Boost Gel Moisturizer", "quantity": 1, "id": 4661907357710}]
2141867147476	[{"name": "Purifying Clay Cleanser", "quantity": 1, "id": 4662386032654}]
2142394089684	[{"name": "DAILY SPF", "quantity": 1, "id": 4663375593486}]
2143034474708	[{"name": "Daily SPF + Moisturizer", "quantity": 200, "id": 4664444059662}]
2143733317844	[{"name": "Quarterly Box (35% off first order, 20% off after) (Ships every 3 Months)", "quantity": 1, "id": 4665672400910}]
2144222871764	[{"name": "Purifying Clay Cleanser", "quantity": 1, "id": 4666549993486}]
2144515883220	[{"name": "Daily SPF + Moisturizer", "quantity": 1, "id": 4667042037774}]
2145420083412	[{"name": "Daily SPF + Moisturizer", "quantity": 1, "id": 4668672638990}]
2145426473172	[{"name": "Daily SPF + Moisturizer Subscription (10.00% Off) (Ships every 2 Months)", "quantity": 1, "id": 4668683747342}]
2146357936340	[{"name": "DAILY SPF", "quantity": 1, "id": 4670316150798}]
2147468378324	[{"name": "Purifying Clay Cleanser", "quantity": 1, "id": 4672299073550}, {"name": "Daily SPF + Moisturizer", "quantity": 1, "id": 4672299106318}]
2147619471572	[{"name": "Purifying Clay Cleanser", "quantity": 1, "id": 4672576749582}, {"name": "Daily SPF + Moisturizer", "quantity": 1, "id": 4672576782350}]
2147809919188	[{"name": "Daily SPF + Moisturizer", "quantity": 1, "id": 4672923140110}]
2147838296276	[{"name": "Purifying Clay Cleanser", "quantity": 1, "id": 4672976093198}, {"name": "Daily SPF + Moisturizer", "quantity": 1, "id": 4672976158734}]
2147922149588	[{"name": "Purifying Clay Cleanser", "quantity": 1, "id": 4673126924302}, {"name": "Daily SPF + Moisturizer", "quantity": 1, "id": 4673126957070}]
2147997253844	[{"name": "Purifying Clay Cleanser", "quantity": 1, "id": 4673263534094}, {"name": "Daily SPF + Moisturizer", "quantity": 1, "id": 4673263566862}]
2148330275028	[{"name": "Daily SPF + Moisturizer", "quantity": 1, "id": 4673880817678}]
2148475961556	[{"name": "DAILY SPF", "quantity": 1, "id": 4674137161742}]
2148876353748	[{"name": "Daily SPF + Moisturizer", "quantity": 2, "id": 4674815950862}]
2148996481236	[{"name": "Daily SPF + Moisturizer", "quantity": 1, "id": 4675035791374}]
2149624381652	[{"name": "HQ Products", "quantity": 1, "id": 4676223434766}]
2149730779348	[{"name": "Clay Cleanser", "quantity": 1, "id": 4676425711630}]
2151371735252	[{"name": "Purifying Clay Cleanser", "quantity": 1, "id": 4679403733006}, {"name": "Daily SPF + Moisturizer", "quantity": 1, "id": 4679403765774}]
2152075231444	[{"name": "Complete Skincare Set (35% off first order, 20% off after) (Ships every 2 months)", "quantity": 1, "id": 4680717926414}]
2152196473044	[{"name": "Daily SPF + Moisturizer", "quantity": 1, "id": 4680946253838}, {"name": "3-in-1 Hydro Boost Gel Moisturizer", "quantity": 1, "id": 4680946286606}]
2152575172820	[{"name": "Complete Skincare Set (35% off first order, 20% off after) (Ships every 2 Months)", "quantity": 1, "id": 4681652862990}]
2154825679060	[{"name": "Complete Skincare Set (35% off first order, 20% off after) (Ships every 2 Months)", "quantity": 1, "id": 4685533544462}]
2156967788756	[{"name": "Complete Skincare Set (35% off first order, 20% off after) (Ships every 2 Months)", "quantity": 1, "id": 4689216897038}]
2156993020116	[{"name": "Complete Skincare Set (35% off first order, 20% off after) (Ships every 2 months)", "quantity": 1, "id": 4689254350862}]
2161809391828	[{"name": "Complete Skincare Set (35% off first order, 20% off after) (Ships every 2 Months)", "quantity": 1, "id": 4697556156430}]
2163405062356	[{"name": "DAILY SPF", "quantity": 1, "id": 4700337635342}]
2163928498388	[{"name": "Complete Skincare Set (35% off first order, 20% off after) (Ships every 2 Months)", "quantity": 1, "id": 4701169451022}]
2164244086996	[{"name": "The Gift Set (Sold Out)", "quantity": 2, "id": 4701691838478}]
2164724531412	[{"name": "Complete Skincare Set (35% off first order, 20% off after) (Ships every 2 Months)", "quantity": 1, "id": 4702555340814}]
2164742979796	[{"name": "Daily SPF + Moisturizer", "quantity": 1, "id": 4702589648910}]
2164793868500	[{"name": "HQ Products", "quantity": 1, "id": 4702682546190}]
2164971569364	[{"name": "Complete Skincare Set (35% off first order, 20% off after) (Ships every 2 Months)", "quantity": 1, "id": 4702987288590}]
2165298004180	[{"name": "3-in-1 Hydro Boost Gel Moisturizer", "quantity": 1, "id": 4703540969486}]
2167364452564	[{"name": "DAILY SPF", "quantity": 1, "id": 4707253813262}]
2167793877204	[{"name": "Complete Skincare Set (35% off first order, 20% off after) (Ships every 2 months)", "quantity": 1, "id": 4708082319374}]
2169269780692	[{"name": "Daily SPF + Moisturizer", "quantity": 2, "id": 4710750322702}]
2170135707860	[{"name": "HQ Products", "quantity": 1, "id": 4712269250574}]
2170812924116	[{"name": "Daily SPF + Moisturizer", "quantity": 1, "id": 4713442607118}]
2174649729236	[{"name": "Clay Cleanser", "quantity": 2, "id": 4720191733774}]
2175685198036	[{"name": "Purifying Clay Cleanser", "quantity": 1, "id": 4721973755918}, {"name": "Daily SPF + Moisturizer", "quantity": 1, "id": 4721973788686}]
2175848743124	[{"name": "Complete Skincare Set (35% off first order, 20% off after) (Ships every 2 Months)", "quantity": 1, "id": 4722267258894}]
2176217088212	[{"name": "Complete Skincare Set (35% off first order, 20% off after) (Ships every 2 Months)", "quantity": 1, "id": 4722936217614}]
2176559907028	[{"name": "Clay Cleanser", "quantity": 1, "id": 4723551862798}, {"name": "Daily SPF + Moisturizer", "quantity": 1, "id": 4723551895566}]
2176959283412	[{"name": "DAILY SPF \u2014 2 Pack Auto renew", "quantity": 1, "id": 4724225343502}]
2177931903188	[{"name": "HQ Products", "quantity": 1, "id": 4725903491086}]
2178058387668	[{"name": "Clay Cleanser", "quantity": 1, "id": 4726126805006}]
2178185068756	[{"name": "Clay Cleanser", "quantity": 1, "id": 4726358474766}]
2179050995924	[{"name": "Clay Cleanser Subscription (10.00% Off) (Ships every 2 Months)", "quantity": 1, "id": 4727826448398}]
2179792863444	[{"name": "Daily SPF + Moisturizer", "quantity": 1, "id": 4729106104334}]
2180447338708	[{"name": "Complete Skincare Set (35% off first order, 20% off after) (Ships every 2 Months)", "quantity": 1, "id": 4730198523918}]
2180919427284	[{"name": "DAILY SPF \u2014 2 Pack", "quantity": 1, "id": 4730856800270}]
2180919951572	[{"name": "DAILY SPF", "quantity": 1, "id": 4730857357326}]
2180920279252	[{"name": "DAILY SPF", "quantity": 1, "id": 4730857685006}]
2183030603988	[{"name": "DAILY SPF \u2014 2 Pack", "quantity": 1, "id": 4734254841870}]
2183593001172	[{"name": "Complete Skincare Set (35% off first order, 20% off after) (Ships every 2 Months)", "quantity": 1, "id": 4735111692302}]
2184088125652	[{"name": "Complete Skincare Set (35% off first order, 20% off after) (Ships every 2 Months)", "quantity": 1, "id": 4735861981198}]
2185441738964	[{"name": "DAILY SPF \u2014 2 Pack", "quantity": 1, "id": 4737962606606}]
2185737470164	[{"name": "HQ Products", "quantity": 1, "id": 4738361589774}]
2185741467860	[{"name": "HQ Products", "quantity": 2, "id": 4738367225870}]
2186043064532	[{"name": "Daily SPF + Moisturizer", "quantity": 350, "id": 4738832957454}, {"name": "Clay Cleanser", "quantity": 150, "id": 4738832990222}, {"name": "3-in-1 Hydro Boost Gel Moisturizer", "quantity": 125, "id": 4738833022990}]
2187876761812	[{"name": "Quarterly Box (35% off first order, 20% off after)", "quantity": 1, "id": 4741595398158}]
2189827604692	[{"name": "Complete Skincare Set (35% off first order, 20% off after) (Ships every 2 Months)", "quantity": 1, "id": 4745006317582}]
2189855162580	[{"name": "Complete Skincare Set (35% off first order, 20% off after) (Ships every 2 Months)", "quantity": 1, "id": 4745052782606}]
2192090530004	[{"name": "DAILY SPF", "quantity": 1, "id": 4748957515790}]
2193339547860	[{"name": "Purifying Clay Cleanser (Wholesale)", "quantity": 20, "id": 4751267790862}, {"name": "Hydro Boost Gel Moisturizer (Wholesale)", "quantity": 20, "id": 4751267823630}]
2193939071188	[{"name": "PM Routine Auto renew (Ships every 2 Months)", "quantity": 1, "id": 4752313581582}]
2194493112532	[{"name": "Daily SPF + Moisturizer Subscription (10.00% Off) (Ships every 2 Months)", "quantity": 1, "id": 4753257955342}]
2195102957780	[{"name": "3-in-1 Hydro Boost Gel Moisturizer", "quantity": 1, "id": 4754408046606}]
2196537376980	[{"name": "Complete Skincare Set (35% off first order, 20% off after) (Ships every 2 Months)", "quantity": 1, "id": 4756974567438}]
2196803551444	[{"name": "Complete Skincare Set (35% off first order, 20% off after) (Ships every 2 Months)", "quantity": 1, "id": 4757482110990}]
2199158358228	[{"name": "AM Routine Set", "quantity": 1, "id": 4761620578318}]
2199175856340	[{"name": "Complete Skincare Routine", "quantity": 1, "id": 4761652035598}]
2199181230292	[{"name": "PM Routine Set", "quantity": 1, "id": 4761661243406}]
2199185457364	[{"name": "Complete Skincare Routine", "quantity": 1, "id": 4761669009422}]
2200356782292	[{"name": "DAILY SPF", "quantity": 1, "id": 4763649081358}]
2200890933460	[{"name": "Set", "quantity": 1, "id": 4764596076558}, {"name": "HQ - Full Skincare Set", "quantity": 1, "id": 4764603121678}]
2201412600020	[{"name": "PM Routine Auto renew (Ships every 2 Months)", "quantity": 1, "id": 4765501980686}]
2204589654228	[{"name": "DAILY SPF", "quantity": 1, "id": 4771172712462}]
2206733664468	[{"name": "Clay Cleanser", "quantity": 1, "id": 4774989987854}, {"name": "3-in-1 Hydro Boost Gel Moisturizer", "quantity": 1, "id": 4774990020622}]
2206848024788	[{"name": "Clay Cleanser", "quantity": 1, "id": 4775186956302}, {"name": "3-in-1 Hydro Boost Gel Moisturizer", "quantity": 1, "id": 4775186989070}]
2207727878356	[{"name": "Complete Skincare Set", "quantity": 1, "id": 4776836694030}]
2209145487572	[{"name": "Daily SPF + Moisturizer Subscription (10.00% Off) (Ships every 2 Months)", "quantity": 1, "id": 4779311792142}]
2209244315860	[{"name": "DAILY SPF \u2014 2 Pack", "quantity": 1, "id": 4779477630990}]
2209629307092	[{"name": "Daily SPF + Moisturizer", "quantity": 1, "id": 4780102811662}]
2210400010452	[{"name": "HQ Products", "quantity": 3, "id": 4781485424654}]
2210419638484	[{"name": "HQ Products", "quantity": 1, "id": 4781521272846}]
2210421178580	[{"name": "HQ Products", "quantity": 1, "id": 4781523828750}]
2210433728724	[{"name": "HQ Products", "quantity": 1, "id": 4781546930190}]
2210438152404	[{"name": "HQ Products", "quantity": 1, "id": 4781555482638}]
2210441560276	[{"name": "HQ Products", "quantity": 1, "id": 4781561282574}]
2210885959892	[{"name": "Complete Skincare Set (35% off first order, 20% off after) (Ships every 2 Months)", "quantity": 1, "id": 4782381957134}]
2211592929492	[{"name": "Complete Skincare Set (35% off first order, 20% off after) (Ships every 2 months)", "quantity": 1, "id": 4783624749070}]
2211645259988	[{"name": "Daily SPF + Moisturizer", "quantity": 1, "id": 4783712436238}]
2211758964948	[{"name": "DAILY SPF", "quantity": 1, "id": 4783898296334}]
2212722999508	[{"name": "Complete Skincare Set", "quantity": 1, "id": 4785598496782}]
2213003296980	[{"name": "Men's Morning AM Skincare Routine Set | SPF 30 Moisturizer, 35ml + Clay Face Wash Cleanser, 100ml | Made with Cactus Extract | Oily, Dry, Sensitive Skin Type", "quantity": 1, "id": 4786090737678}]
2213240242388	[{"name": "Complete Skincare Set (35% off first order, 20% off after) (Ships every 2 Months)", "quantity": 1, "id": 4786491785230}]
2213460050132	[{"name": "Daily SPF + Moisturizer", "quantity": 1, "id": 4786851741710}]
